Date;Dir;Int
06/02/2007 14:00:00;155.69;3.92
06/02/2007 09:00:00;306.16;2.55
06/02/2007 07:00:00;330.06;0.2
06/02/2007 01:00:00;138.81;3.33
05/02/2007 11:00:00;175.38;6.27
05/02/2007 09:00:00;165.53;5.29
05/02/2007 05:00:00;166.94;3.92
05/02/2007 00:00:00;145.84;0.59
04/02/2007 21:00:00;157.09;3.92
04/02/2007 18:00:00;144.44;3.53
04/02/2007 13:00:00;159.91;4.51
04/02/2007 12:00:00;145.84;4.51
04/02/2007 10:00:00;172.56;4.51
03/02/2007 22:00:00;145.84;2.55
03/02/2007 14:00:00;176.78;3.73
03/02/2007 12:00:00;258.34;0.39
03/02/2007 10:00:00;158.5;3.73
03/02/2007 07:00:00;16.47;1.96
03/02/2007 06:00:00;300.53;2.16
03/02/2007 01:00:00;316;3.92
02/02/2007 23:00:00;110.69;5.88
02/02/2007 19:00:00;254.13;1.37
02/02/2007 17:00:00;147.25;1.57
02/02/2007 15:00:00;272.41;2.75
02/02/2007 11:00:00;44.59;0.39
02/02/2007 09:00:00;74.13;0.2
02/02/2007 01:00:00;98.03;0.59
01/02/2007 21:00:00;151.47;3.53
01/02/2007 13:00:00;116.31;4.12
01/02/2007 11:00:00;124.75;3.53
01/02/2007 08:00:00;155.69;3.92
01/02/2007 02:00:00;9.44;1.96
31/01/2007 18:00:00;349.75;0.78
31/01/2007 16:00:00;165.53;3.92
31/01/2007 13:00:00;166.94;2.55
31/01/2007 12:00:00;308.97;0.2
31/01/2007 10:00:00;48.81;0.39
30/01/2007 23:00:00;126.16;1.57
30/01/2007 22:00:00;175.38;1.96
30/01/2007 20:00:00;102.25;2.75
30/01/2007 18:00:00;278.03;6.67
30/01/2007 17:00:00;303.34;4.12
30/01/2007 15:00:00;325.84;3.14
30/01/2007 14:00:00;307.56;2.75
30/01/2007 07:00:00;301.94;0.78
29/01/2007 19:00:00;310.38;3.14
29/01/2007 17:00:00;157.09;1.37
29/01/2007 15:00:00;313.19;2.35
29/01/2007 11:00:00;328.66;2.16
29/01/2007 05:00:00;320.22;2.55
26/01/2007 17:00:00;338.5;1.76
26/01/2007 15:00:00;299.13;3.92
26/01/2007 14:00:00;168.34;0.59
26/01/2007 05:00:00;216.16;0
26/01/2007 03:00:00;127.56;0.98
26/01/2007 01:00:00;124.75;2.75
26/01/2007 00:00:00;143.03;2.55
25/01/2007 21:00:00;143.03;2.94
25/01/2007 19:00:00;308.97;4.31
25/01/2007 17:00:00;43.19;1.57
25/01/2007 04:00:00;2.41;1.18
25/01/2007 02:00:00;159.91;2.35
24/01/2007 21:00:00;207.72;0
24/01/2007 18:00:00;9.44;2.35
24/01/2007 12:00:00;136;3.14
24/01/2007 07:00:00;140.22;4.51
24/01/2007 01:00:00;126.16;3.14
23/01/2007 23:00:00;141.63;1.96
23/01/2007 22:00:00;131.78;0
23/01/2007 20:00:00;308.97;1.57
23/01/2007 18:00:00;338.5;0.78
23/01/2007 17:00:00;136;2.16
23/01/2007 15:00:00;165.53;1.96
23/01/2007 14:00:00;189.44;0.59
23/01/2007 11:00:00;164.13;3.33
23/01/2007 09:00:00;171.16;2.75
23/01/2007 03:00:00;130.38;1.96
22/01/2007 19:00:00;256.94;2.94
22/01/2007 17:00:00;159.91;3.92
22/01/2007 15:00:00;145.84;3.53
22/01/2007 08:00:00;310.38;2.55
22/01/2007 05:00:00;297.72;3.14
22/01/2007 04:00:00;358.19;3.92
22/01/2007 03:00:00;3.81;5.49
22/01/2007 02:00:00;195.06;0.39
21/01/2007 21:00:00;269.59;6.86
21/01/2007 19:00:00;286.47;2.35
21/01/2007 18:00:00;269.59;2.75
21/01/2007 16:00:00;308.97;1.57
21/01/2007 13:00:00;280.84;1.96
21/01/2007 07:00:00;78.34;1.76
21/01/2007 06:00:00;5.22;0.39
21/01/2007 04:00:00;327.25;1.57
21/01/2007 02:00:00;121.94;1.76
20/01/2007 20:00:00;316;6.27
20/01/2007 18:00:00;161.31;3.73
20/01/2007 14:00:00;148.66;2.16
20/01/2007 09:00:00;69.91;0.59
20/01/2007 07:00:00;162.72;2.16
20/01/2007 01:00:00;140.22;1.96
19/01/2007 23:00:00;155.69;2.16
19/01/2007 22:00:00;159.91;2.55
19/01/2007 20:00:00;317.41;3.53
19/01/2007 15:00:00;307.56;0.78
19/01/2007 14:00:00;294.91;1.76
19/01/2007 11:00:00;304.75;0
19/01/2007 05:00:00;20.69;1.76
19/01/2007 01:00:00;150.06;4.31
18/01/2007 21:00:00;137.41;3.73
18/01/2007 19:00:00;158.5;4.31
18/01/2007 17:00:00;313.19;4.12
18/01/2007 00:00:00;155.69;1.57
17/01/2007 21:00:00;259.75;1.37
17/01/2007 20:00:00;93.81;2.55
17/01/2007 19:00:00;72.72;4.51
17/01/2007 18:00:00;81.16;3.53
17/01/2007 16:00:00;112.09;3.33
17/01/2007 12:00:00;165.53;4.71
17/01/2007 09:00:00;140.22;4.31
17/01/2007 07:00:00;155.69;3.73
17/01/2007 03:00:00;152.88;0.78
16/01/2007 22:00:00;300.53;2.16
16/01/2007 20:00:00;313.19;1.96
16/01/2007 15:00:00;151.47;2.94
16/01/2007 14:00:00;145.84;0.78
16/01/2007 05:00:00;297.72;1.37
16/01/2007 03:00:00;334.28;3.14
15/01/2007 23:00:00;279.44;2.16
15/01/2007 22:00:00;297.72;3.33
15/01/2007 19:00:00;324.44;4.12
15/01/2007 17:00:00;317.41;4.12
15/01/2007 04:00:00;31.94;1.37
14/01/2007 18:00:00;332.88;1.57
14/01/2007 16:00:00;293.5;1.96
14/01/2007 06:00:00;307.56;2.75
14/01/2007 02:00:00;168.34;3.53
13/01/2007 20:00:00;320.22;5.29
13/01/2007 18:00:00;301.94;4.71
13/01/2007 14:00:00;306.16;3.14
13/01/2007 11:00:00;300.53;2.35
13/01/2007 09:00:00;44.59;0.2
13/01/2007 07:00:00;320.22;0
13/01/2007 03:00:00;55.84;0.2
12/01/2007 23:00:00;316;2.55
12/01/2007 22:00:00;310.38;3.53
12/01/2007 17:00:00;313.19;4.31
12/01/2007 08:00:00;34.75;0.39
12/01/2007 03:00:00;93.81;0.59
12/01/2007 01:00:00;117.72;0.2
11/01/2007 21:00:00;155.69;3.14
11/01/2007 16:00:00;209.13;0.78
11/01/2007 14:00:00;292.09;1.18
11/01/2007 12:00:00;140.22;1.96
11/01/2007 10:00:00;169.75;1.37
11/01/2007 07:00:00;166.94;4.31
11/01/2007 05:00:00;169.75;4.12
11/01/2007 00:00:00;335.69;0.78
10/01/2007 20:00:00;324.44;6.08
10/01/2007 18:00:00;300.53;3.53
10/01/2007 15:00:00;303.34;3.33
10/01/2007 14:00:00;283.66;2.75
10/01/2007 11:00:00;15.06;1.18
10/01/2007 09:00:00;9.44;0.2
10/01/2007 04:00:00;318.81;1.96
10/01/2007 02:00:00;103.66;0.2
09/01/2007 22:00:00;306.16;5.1
09/01/2007 20:00:00;344.13;2.55
09/01/2007 19:00:00;324.44;4.71
09/01/2007 17:00:00;310.38;4.9
09/01/2007 15:00:00;282.25;2.75
09/01/2007 13:00:00;300.53;3.33
09/01/2007 11:00:00;314.59;2.35
09/01/2007 08:00:00;55.84;0.39
09/01/2007 01:00:00;231.63;0.98
08/01/2007 23:00:00;308.97;2.75
08/01/2007 22:00:00;64.28;3.33
08/01/2007 19:00:00;75.53;3.33
08/01/2007 12:00:00;20.69;0.98
08/01/2007 05:00:00;317.41;4.71
08/01/2007 00:00:00;171.16;3.92
07/01/2007 21:00:00;328.66;3.92
07/01/2007 15:00:00;41.78;1.96
07/01/2007 14:00:00;145.84;2.35
07/01/2007 05:00:00;82.56;5.1
07/01/2007 04:00:00;145.84;4.9
07/01/2007 02:00:00;76.94;2.16
06/01/2007 20:00:00;92.41;2.75
06/01/2007 15:00:00;88.19;1.18
06/01/2007 11:00:00;313.19;2.16
06/01/2007 09:00:00;40.38;0.2
06/01/2007 06:00:00;299.13;1.76
05/01/2007 23:00:00;161.31;3.53
05/01/2007 22:00:00;162.72;4.51
05/01/2007 16:00:00;141.63;2.35
05/01/2007 13:00:00;2.41;0.98
05/01/2007 07:00:00;22.09;0.98
04/01/2007 23:00:00;178.19;0.39
04/01/2007 20:00:00;81.16;6.27
04/01/2007 14:00:00;297.72;2.94
04/01/2007 12:00:00;307.56;1.18
04/01/2007 10:00:00;325.84;0.98
04/01/2007 08:00:00;316;0.2
04/01/2007 03:00:00;348.34;3.14
04/01/2007 00:00:00;313.19;2.75
03/01/2007 18:00:00;64.28;4.51
03/01/2007 17:00:00;65.69;5.69
03/01/2007 09:00:00;27.72;0.39
03/01/2007 08:00:00;133.19;0.59
03/01/2007 04:00:00;314.59;4.31
03/01/2007 02:00:00;1;0.78
03/01/2007 01:00:00;88.59;3.14
02/01/2007 23:00:00;53.44;4.71
02/01/2007 21:00:00;126.16;2.55
02/01/2007 20:00:00;108.28;2.55
02/01/2007 19:00:00;159.91;1.96
02/01/2007 18:00:00;54.84;0.39
02/01/2007 17:00:00;84.38;0.78
02/01/2007 16:00:00;72.72;4.71
02/01/2007 15:00:00;286.88;0
02/01/2007 14:00:00;11.25;1.18
02/01/2007 13:00:00;324.84;0
02/01/2007 12:00:00;54.84;1.76
02/01/2007 11:00:00;47.81;1.57
02/01/2007 09:00:00;183.81;3.73
02/01/2007 08:00:00;178.19;4.71
02/01/2007 07:00:00;171.16;3.92
02/01/2007 06:00:00;131.78;6.08
02/01/2007 04:00:00;120.94;1.76
02/01/2007 03:00:00;175.38;4.51
02/01/2007 02:00:00;102.66;3.14
02/01/2007 01:00:00;130.38;4.51
01/01/2007 22:00:00;60.47;3.53
01/01/2007 20:00:00;151.47;3.53
01/01/2007 19:00:00;104.06;2.55
01/01/2007 18:00:00;81.16;3.33
01/01/2007 16:00:00;88.59;4.12
01/01/2007 15:00:00;87.19;2.94
01/01/2007 14:00:00;133.19;0.98
01/01/2007 13:00:00;91.41;1.57
01/01/2007 12:00:00;327.25;0.98
01/01/2007 09:00:00;147.25;3.92
01/01/2007 08:00:00;253.13;1.96
01/01/2007 07:00:00;196.88;0.78
01/01/2007 05:00:00;165.53;6.47
01/01/2007 04:00:00;348.75;2.16
01/01/2007 03:00:00;209.13;0.98
01/01/2007 00:00:00;14.06;2.35
31/12/2006 17:00:00;121.94;2.75
31/12/2006 15:00:00;123.34;2.55
31/12/2006 09:00:00;145.84;4.9
31/12/2006 08:00:00;161.31;4.12
31/12/2006 05:00:00;134.59;4.51
31/12/2006 04:00:00;148.66;3.92
31/12/2006 02:00:00;159.91;4.9
31/12/2006 00:00:00;181;5.1
30/12/2006 21:00:00;119.13;3.92
30/12/2006 19:00:00;74.13;5.49
30/12/2006 13:00:00;138.81;4.31
30/12/2006 12:00:00;127.56;4.51
30/12/2006 08:00:00;157.09;2.94
30/12/2006 07:00:00;140.22;4.9
30/12/2006 06:00:00;144.44;5.88
30/12/2006 04:00:00;120.53;4.51
29/12/2006 23:00:00;158.5;5.29
29/12/2006 18:00:00;157.09;2.94
29/12/2006 11:00:00;113.5;2.94
29/12/2006 09:00:00;150.06;5.29
29/12/2006 07:00:00;130.38;4.9
29/12/2006 03:00:00;258.34;4.12
28/12/2006 22:00:00;294.91;2.94
28/12/2006 17:00:00;148.66;2.55
28/12/2006 15:00:00;147.25;0.98
28/12/2006 13:00:00;54.44;0.39
28/12/2006 11:00:00;12.25;1.76
28/12/2006 10:00:00;244.28;0.98
28/12/2006 08:00:00;22.09;1.18
28/12/2006 05:00:00;88.19;3.53
28/12/2006 02:00:00;297.72;2.55
28/12/2006 00:00:00;9.44;0.78
27/12/2006 19:00:00;176.78;2.35
27/12/2006 17:00:00;171.16;0.39
27/12/2006 06:00:00;157.09;3.53
26/12/2006 18:00:00;310.38;5.88
26/12/2006 16:00:00;283.66;3.14
26/12/2006 12:00:00;273.81;1.18
26/12/2006 09:00:00;137.41;0.59
26/12/2006 07:00:00;113.5;0.78
26/12/2006 03:00:00;311.78;4.71
26/12/2006 01:00:00;311.78;3.33
25/12/2006 22:00:00;159.91;3.33
25/12/2006 20:00:00;351.16;1.37
25/12/2006 14:00:00;303.34;2.55
25/12/2006 13:00:00;165.53;0
25/12/2006 11:00:00;93.81;0.78
25/12/2006 09:00:00;168.34;0.98
25/12/2006 08:00:00;123.34;1.96
25/12/2006 05:00:00;13.66;0.2
25/12/2006 03:00:00;72.72;1.18
25/12/2006 01:00:00;241.47;0.2
25/12/2006 00:00:00;338.5;1.18
24/12/2006 23:00:00;293.5;1.96
24/12/2006 19:00:00;307.56;5.88
24/12/2006 13:00:00;296.31;3.14
24/12/2006 10:00:00;10.84;0.59
24/12/2006 08:00:00;9.44;0.59
24/12/2006 04:00:00;124.75;2.16
24/12/2006 02:00:00;310.38;1.37
23/12/2006 21:00:00;20.69;2.35
23/12/2006 18:00:00;55.84;3.73
23/12/2006 16:00:00;155.69;2.16
23/12/2006 12:00:00;316;2.35
23/12/2006 09:00:00;9.44;0.98
23/12/2006 07:00:00;285.06;0.2
23/12/2006 06:00:00;81.16;0.59
23/12/2006 04:00:00;303.34;2.16
22/12/2006 20:00:00;316;3.33
22/12/2006 18:00:00;306.16;2.75
22/12/2006 11:00:00;43.19;0.78
22/12/2006 09:00:00;107.88;1.37
22/12/2006 05:00:00;289.28;2.55
22/12/2006 03:00:00;47.41;0.2
21/12/2006 17:00:00;88.19;0.2
21/12/2006 16:00:00;64.28;4.12
21/12/2006 11:00:00;265.38;1.76
21/12/2006 08:00:00;98.03;2.94
21/12/2006 05:00:00;147.25;1.37
21/12/2006 03:00:00;19.28;1.57
20/12/2006 21:00:00;68.5;6.08
20/12/2006 16:00:00;290.69;1.57
20/12/2006 10:00:00;24.91;0
20/12/2006 06:00:00;297.72;3.92
20/12/2006 05:00:00;279.44;1.57
20/12/2006 04:00:00;8.03;2.35
20/12/2006 00:00:00;311.78;4.12
19/12/2006 18:00:00;47.41;3.14
19/12/2006 09:00:00;137.41;1.37
19/12/2006 07:00:00;356.78;2.35
19/12/2006 02:00:00;140.22;1.96
18/12/2006 22:00:00;166.94;0.78
18/12/2006 17:00:00;95.22;2.16
18/12/2006 15:00:00;105.06;3.33
18/12/2006 13:00:00;127.56;4.51
18/12/2006 11:00:00;137.41;5.88
18/12/2006 09:00:00;179.59;4.9
18/12/2006 05:00:00;188.03;1.76
17/12/2006 23:00:00;169.75;1.18
17/12/2006 19:00:00;141.63;3.14
17/12/2006 17:00:00;171.16;3.14
17/12/2006 16:00:00;107.88;3.73
17/12/2006 13:00:00;145.84;3.73
17/12/2006 10:00:00;154.28;5.1
16/12/2006 18:00:00;279.44;1.76
16/12/2006 16:00:00;76.94;4.51
16/12/2006 14:00:00;93.81;1.96
16/12/2006 12:00:00;123.34;2.35
16/12/2006 10:00:00;175.38;2.75
16/12/2006 07:00:00;185.22;4.12
16/12/2006 04:00:00;;1.18
16/12/2006 02:00:00;3.81;0.2
15/12/2006 20:00:00;162.72;0.59
15/12/2006 15:00:00;102.25;2.55
15/12/2006 14:00:00;44.59;1.57
15/12/2006 07:00:00;12.25;1.18
15/12/2006 06:00:00;171.16;0.2
15/12/2006 03:00:00;186.63;5.29
14/12/2006 23:00:00;99.44;2.55
14/12/2006 13:00:00;145.84;3.53
14/12/2006 11:00:00;136;4.71
14/12/2006 08:00:00;127.56;4.51
14/12/2006 03:00:00;130.38;3.92
14/12/2006 01:00:00;147.25;5.29
13/12/2006 21:00:00;130.38;4.51
13/12/2006 18:00:00;116.31;4.12
13/12/2006 16:00:00;119.13;4.9
13/12/2006 10:00:00;147.25;5.49
13/12/2006 02:00:00;144.44;4.51
13/12/2006 00:00:00;127.56;2.94
12/12/2006 20:00:00;159.91;3.92
12/12/2006 14:00:00;157.09;6.67
12/12/2006 07:00:00;140.22;6.67
12/12/2006 06:00:00;141.63;6.86
12/12/2006 04:00:00;137.41;5.69
11/12/2006 22:00:00;151.47;5.69
11/12/2006 17:00:00;127.56;5.1
11/12/2006 11:00:00;120.53;4.51
11/12/2006 09:00:00;150.06;6.27
10/12/2006 16:00:00;99.44;4.51
10/12/2006 13:00:00;140.22;2.75
10/12/2006 08:00:00;131.78;3.53
10/12/2006 05:00:00;60.06;1.57
09/12/2006 18:00:00;304.75;4.31
09/12/2006 14:00:00;147.25;1.57
09/12/2006 12:00:00;171.16;1.57
09/12/2006 10:00:00;206.31;0.59
09/12/2006 08:00:00;314.59;3.73
09/12/2006 06:00:00;313.19;3.33
09/12/2006 04:00:00;320.22;2.75
09/12/2006 02:00:00;303.34;7.25
09/12/2006 00:00:00;72.72;5.69
08/12/2006 23:00:00;72.72;4.51
08/12/2006 22:00:00;64.28;1.57
08/12/2006 20:00:00;159.91;1.18
08/12/2006 15:00:00;144.44;2.35
08/12/2006 14:00:00;164.13;3.33
08/12/2006 11:00:00;131.78;1.76
08/12/2006 09:00:00;344.13;0.59
08/12/2006 07:00:00;352.56;0.39
08/12/2006 01:00:00;15.06;1.37
07/12/2006 23:00:00;316;0.78
07/12/2006 21:00:00;299.13;3.33
07/12/2006 19:00:00;317.41;4.71
07/12/2006 13:00:00;318.81;3.53
07/12/2006 08:00:00;307.56;3.73
07/12/2006 05:00:00;16.47;0
07/12/2006 03:00:00;258.34;0.2
06/12/2006 21:00:00;301.94;4.12
06/12/2006 18:00:00;355.38;3.33
06/12/2006 16:00:00;301.94;3.53
06/12/2006 12:00:00;301.94;1.18
06/12/2006 10:00:00;344.13;2.94
06/12/2006 04:00:00;311.78;1.18
06/12/2006 02:00:00;55.84;0.78
05/12/2006 20:00:00;159.91;3.33
05/12/2006 15:00:00;154.28;3.73
05/12/2006 14:00:00;151.47;1.37
05/12/2006 12:00:00;151.47;4.12
05/12/2006 07:00:00;332.88;4.31
05/12/2006 06:00:00;321.63;3.53
05/12/2006 04:00:00;311.78;3.14
04/12/2006 23:00:00;353.97;2.16
04/12/2006 22:00:00;314.59;4.31
04/12/2006 19:00:00;8.03;3.73
04/12/2006 17:00:00;133.19;2.55
04/12/2006 15:00:00;143.03;4.71
04/12/2006 11:00:00;151.47;4.51
04/12/2006 09:00:00;128.97;4.12
04/12/2006 07:00:00;117.72;2.94
04/12/2006 03:00:00;279.44;2.94
04/12/2006 01:00:00;31.94;1.76
03/12/2006 21:00:00;112.09;3.33
03/12/2006 19:00:00;152.88;2.75
03/12/2006 16:00:00;128.97;2.55
03/12/2006 08:00:00;164.13;5.29
03/12/2006 02:00:00;95.22;3.92
03/12/2006 00:00:00;124.75;3.53
02/12/2006 20:00:00;107.88;4.51
02/12/2006 18:00:00;114.91;4.71
02/12/2006 16:00:00;158.5;3.92
02/12/2006 12:00:00;161.31;7.45
02/12/2006 10:00:00;151.47;7.45
02/12/2006 06:00:00;155.69;7.06
02/12/2006 04:00:00;147.25;7.84
01/12/2006 23:00:00;154.28;6.27
01/12/2006 22:00:00;143.03;5.88
01/12/2006 17:00:00;157.09;6.67
01/12/2006 15:00:00;141.63;7.06
01/12/2006 14:00:00;151.47;5.29
01/12/2006 09:00:00;137.41;5.1
01/12/2006 07:00:00;128.97;4.9
01/12/2006 03:00:00;165.53;2.55
01/12/2006 01:00:00;147.25;6.08
30/11/2006 19:00:00;307.56;3.73
30/11/2006 17:00:00;173.97;1.18
30/11/2006 16:00:00;263.97;1.18
30/11/2006 13:00:00;12.25;0
30/11/2006 05:00:00;72.72;0.2
30/11/2006 03:00:00;117.72;2.16
29/11/2006 21:00:00;310.38;2.75
29/11/2006 18:00:00;286.47;3.33
29/11/2006 16:00:00;286.47;2.94
29/11/2006 13:00:00;323.03;3.33
29/11/2006 12:00:00;261.16;0.78
29/11/2006 10:00:00;147.25;0.59
29/11/2006 08:00:00;22.09;0.59
28/11/2006 22:00:00;31.94;0.98
28/11/2006 20:00:00;88.19;5.1
28/11/2006 18:00:00;38.97;2.75
28/11/2006 15:00:00;188.03;1.18
28/11/2006 14:00:00;311.78;1.96
28/11/2006 12:00:00;5.22;0.2
28/11/2006 07:00:00;5.22;1.57
27/11/2006 23:00:00;155.69;3.92
27/11/2006 22:00:00;85.38;3.14
27/11/2006 17:00:00;287.88;3.14
27/11/2006 15:00:00;105.06;4.12
27/11/2006 09:00:00;173.97;2.55
27/11/2006 05:00:00;38.97;0.59
27/11/2006 03:00:00;100.84;0.98
27/11/2006 01:00:00;325.84;0.98
26/11/2006 21:00:00;114.91;3.14
26/11/2006 19:00:00;161.31;5.49
26/11/2006 16:00:00;130.38;3.92
26/11/2006 13:00:00;317.41;2.94
26/11/2006 11:00:00;335.69;1.76
26/11/2006 10:00:00;345.53;1.96
26/11/2006 08:00:00;328.66;4.12
26/11/2006 02:00:00;24.91;0.2
25/11/2006 21:00:00;64.28;3.92
25/11/2006 20:00:00;75.53;4.9
25/11/2006 18:00:00;83.97;5.1
25/11/2006 16:00:00;79.75;5.69
25/11/2006 12:00:00;161.31;3.92
25/11/2006 06:00:00;145.84;6.27
24/11/2006 22:00:00;103.66;4.51
24/11/2006 20:00:00;136;4.51
24/11/2006 15:00:00;107.88;5.1
24/11/2006 09:00:00;136;4.71
24/11/2006 01:00:00;143.03;2.16
23/11/2006 21:00:00;145.84;3.92
23/11/2006 19:00:00;185.22;0.78
23/11/2006 17:00:00;165.53;0.39
23/11/2006 13:00:00;148.66;5.49
23/11/2006 09:00:00;150.06;4.31
23/11/2006 05:00:00;69.91;0.2
23/11/2006 03:00:00;47.41;1.57
23/11/2006 00:00:00;307.56;2.75
22/11/2006 13:00:00;68.5;1.37
22/11/2006 10:00:00;144.44;3.53
22/11/2006 04:00:00;55.84;1.76
22/11/2006 02:00:00;34.75;0.2
21/11/2006 22:00:00;166.94;2.16
21/11/2006 20:00:00;311.78;1.96
21/11/2006 18:00:00;308.97;2.55
21/11/2006 14:00:00;317.41;0.39
21/11/2006 12:00:00;293.5;2.35
21/11/2006 06:00:00;304.75;2.94
20/11/2006 23:00:00;152.88;3.33
20/11/2006 22:00:00;110.69;0.78
20/11/2006 20:00:00;26.31;1.96
20/11/2006 17:00:00;275.22;2.16
20/11/2006 15:00:00;296.31;0.2
20/11/2006 11:00:00;71.31;1.57
20/11/2006 05:00:00;152.88;5.88
20/11/2006 03:00:00;323.03;3.73
20/11/2006 01:00:00;103.66;3.33
19/11/2006 21:00:00;299.13;4.12
19/11/2006 16:00:00;161.31;4.51
19/11/2006 13:00:00;172.56;5.29
19/11/2006 11:00:00;171.16;3.92
19/11/2006 10:00:00;57.25;0.39
19/11/2006 08:00:00;154.28;2.75
19/11/2006 05:00:00;51.63;2.16
19/11/2006 02:00:00;206.31;9.8
19/11/2006 00:00:00;67.09;1.18
18/11/2006 21:00:00;297.72;2.16
18/11/2006 18:00:00;280.84;1.76
18/11/2006 16:00:00;286.47;3.14
18/11/2006 12:00:00;134.59;3.73
18/11/2006 10:00:00;46;1.18
18/11/2006 06:00:00;54.44;0.2
18/11/2006 04:00:00;50.22;0.59
17/11/2006 23:00:00;61.47;2.16
17/11/2006 22:00:00;72.72;1.37
17/11/2006 20:00:00;134.59;1.96
17/11/2006 15:00:00;69.91;5.1
17/11/2006 14:00:00;79.75;3.92
17/11/2006 09:00:00;126.16;3.73
17/11/2006 07:00:00;147.25;5.1
16/11/2006 19:00:00;123.34;2.55
16/11/2006 13:00:00;124.75;2.35
16/11/2006 11:00:00;151.47;1.76
15/11/2006 18:00:00;123.34;3.14
15/11/2006 16:00:00;85.38;5.1
15/11/2006 12:00:00;328.66;2.35
15/11/2006 10:00:00;98.03;3.14
15/11/2006 08:00:00;141.63;2.55
14/11/2006 20:00:00;137.41;3.53
14/11/2006 18:00:00;148.66;3.53
14/11/2006 15:00:00;133.19;4.31
14/11/2006 14:00:00;137.41;3.92
14/11/2006 04:00:00;131.78;2.94
13/11/2006 23:00:00;107.88;4.12
13/11/2006 17:00:00;162.72;3.73
13/11/2006 11:00:00;155.69;5.88
13/11/2006 07:00:00;127.56;6.67
13/11/2006 03:00:00;130.38;6.08
13/11/2006 01:00:00;181;3.92
12/11/2006 16:00:00;159.91;5.49
12/11/2006 10:00:00;136;6.47
12/11/2006 05:00:00;141.63;8.82
12/11/2006 02:00:00;157.09;6.47
12/11/2006 00:00:00;183.81;4.12
11/11/2006 15:00:00;158.5;4.31
11/11/2006 14:00:00;158.5;5.69
11/11/2006 08:00:00;190.84;2.55
11/11/2006 07:00:00;179.59;2.75
11/11/2006 04:00:00;185.22;4.71
11/11/2006 02:00:00;179.59;2.94
10/11/2006 17:00:00;157.09;4.31
10/11/2006 15:00:00;182.41;2.16
10/11/2006 12:00:00;114.91;2.55
10/11/2006 11:00:00;123.34;1.96
10/11/2006 09:00:00;159.91;2.55
10/11/2006 07:00:00;120.53;1.37
10/11/2006 01:00:00;41.78;0.98
09/11/2006 21:00:00;143.03;3.14
09/11/2006 19:00:00;148.66;2.55
09/11/2006 16:00:00;159.91;4.12
09/11/2006 09:00:00;159.91;5.88
09/11/2006 05:00:00;188.03;3.92
09/11/2006 03:00:00;9.44;0.59
08/11/2006 20:00:00;159.91;2.75
08/11/2006 18:00:00;155.69;3.33
08/11/2006 12:00:00;178.19;3.73
08/11/2006 10:00:00;192.25;3.14
08/11/2006 08:00:00;181;3.14
08/11/2006 05:00:00;143.03;2.55
08/11/2006 04:00:00;176.78;3.73
08/11/2006 02:00:00;248.5;1.96
07/11/2006 23:00:00;297.72;5.49
07/11/2006 22:00:00;320.22;5.49
07/11/2006 20:00:00;310.38;4.9
07/11/2006 17:00:00;304.75;2.16
07/11/2006 15:00:00;320.22;4.12
07/11/2006 14:00:00;307.56;2.94
07/11/2006 12:00:00;316;2.16
07/11/2006 10:00:00;314.59;1.76
07/11/2006 06:00:00;279.44;2.94
07/11/2006 04:00:00;16.47;0.98
06/11/2006 23:00:00;299.13;2.75
06/11/2006 19:00:00;143.03;3.92
06/11/2006 09:00:00;152.88;7.25
06/11/2006 07:00:00;140.22;5.49
06/11/2006 03:00:00;145.84;4.51
06/11/2006 01:00:00;95.22;1.96
05/11/2006 18:00:00;152.88;3.33
05/11/2006 11:00:00;140.22;5.49
05/11/2006 09:00:00;138.81;6.86
05/11/2006 05:00:00;159.91;4.9
05/11/2006 00:00:00;162.72;2.94
04/11/2006 22:00:00;150.06;2.75
04/11/2006 15:00:00;109.28;4.9
04/11/2006 14:00:00;148.66;5.1
04/11/2006 10:00:00;134.59;2.75
04/11/2006 08:00:00;13.66;0.2
04/11/2006 04:00:00;64.28;0.39
03/11/2006 23:00:00;147.25;2.75
03/11/2006 19:00:00;297.72;2.75
03/11/2006 12:00:00;278.03;0.98
03/11/2006 11:00:00;296.31;0.2
03/11/2006 07:00:00;290.69;1.76
03/11/2006 06:00:00;352.56;0.39
03/11/2006 03:00:00;159.91;1.18
02/11/2006 21:00:00;168.34;0
02/11/2006 18:00:00;303.34;3.92
02/11/2006 16:00:00;300.53;2.35
02/11/2006 15:00:00;300.53;1.57
02/11/2006 11:00:00;188.03;2.16
02/11/2006 09:00:00;286.47;0.59
02/11/2006 03:00:00;136;4.51
02/11/2006 02:00:00;144.44;5.29
02/11/2006 00:00:00;152.88;2.75
01/11/2006 22:00:00;226;1.37
01/11/2006 20:00:00;88.19;6.86
01/11/2006 14:00:00;136;2.94
01/11/2006 13:00:00;40.38;1.18
01/11/2006 11:00:00;324.44;1.18
01/11/2006 10:00:00;155.69;3.33
01/11/2006 08:00:00;173.97;3.73
01/11/2006 02:00:00;81.16;5.88
31/10/2006 23:00:00;95.22;6.08
31/10/2006 22:00:00;85.38;6.08
31/10/2006 17:00:00;88.19;7.25
31/10/2006 12:00:00;137.41;4.9
31/10/2006 10:00:00;127.56;1.57
31/10/2006 06:00:00;67.09;0.78
30/10/2006 21:00:00;303.34;3.33
30/10/2006 19:00:00;272.41;2.16
30/10/2006 15:00:00;82.56;5.49
30/10/2006 09:00:00;75.53;1.76
30/10/2006 06:00:00;47.41;0.39
30/10/2006 00:00:00;150.06;1.57
29/10/2006 18:00:00;154.28;1.76
29/10/2006 13:00:00;140.22;5.1
29/10/2006 11:00:00;51.63;1.37
29/10/2006 09:00:00;53.03;1.37
29/10/2006 05:00:00;137.41;1.96
29/10/2006 00:00:00;323.03;0
28/10/2006 23:00:00;304.75;4.31
28/10/2006 22:00:00;297.72;6.27
28/10/2006 20:00:00;313.19;5.69
28/10/2006 15:00:00;289.28;3.14
28/10/2006 13:00:00;306.16;3.14
28/10/2006 10:00:00;16.47;3.33
28/10/2006 08:00:00;317.41;4.12
28/10/2006 04:00:00;30.53;1.57
28/10/2006 01:00:00;272.41;0.39
27/10/2006 23:00:00;338.5;2.16
27/10/2006 19:00:00;331.47;4.12
27/10/2006 17:00:00;308.97;3.14
27/10/2006 14:00:00;294.91;3.33
27/10/2006 12:00:00;265.38;0.98
27/10/2006 07:00:00;290.69;2.35
27/10/2006 06:00:00;259.75;0.39
26/10/2006 21:00:00;294.91;0.98
26/10/2006 16:00:00;148.66;1.37
26/10/2006 14:00:00;327.25;0
26/10/2006 11:00:00;92.41;0
26/10/2006 09:00:00;31.94;2.35
26/10/2006 07:00:00;207.72;1.18
26/10/2006 04:00:00;68.5;6.08
26/10/2006 02:00:00;74.13;5.49
26/10/2006 00:00:00;89.59;2.94
25/10/2006 22:00:00;152.88;3.14
25/10/2006 20:00:00;154.28;2.35
25/10/2006 19:00:00;166.94;2.55
25/10/2006 18:00:00;152.88;2.16
25/10/2006 16:00:00;79.75;5.69
25/10/2006 13:00:00;89.59;5.1
25/10/2006 11:00:00;119.13;3.14
25/10/2006 08:00:00;140.22;4.31
24/10/2006 23:00:00;96.63;3.73
24/10/2006 22:00:00;134.59;4.12
24/10/2006 18:00:00;100.84;6.86
24/10/2006 17:00:00;88.19;7.45
24/10/2006 16:00:00;113.5;4.31
24/10/2006 12:00:00;138.81;6.86
24/10/2006 10:00:00;137.41;5.88
24/10/2006 06:00:00;127.56;5.88
24/10/2006 05:00:00;155.69;7.45
24/10/2006 03:00:00;131.78;6.47
23/10/2006 21:00:00;162.72;5.88
23/10/2006 19:00:00;152.88;5.1
23/10/2006 16:00:00;159.91;6.67
23/10/2006 15:00:00;164.13;6.08
23/10/2006 14:00:00;150.06;5.88
23/10/2006 07:00:00;183.81;5.29
23/10/2006 02:00:00;121.94;2.55
23/10/2006 00:00:00;188.03;4.71
22/10/2006 17:00:00;54.44;3.14
22/10/2006 15:00:00;95.22;5.69
22/10/2006 13:00:00;152.88;6.67
22/10/2006 09:00:00;169.75;5.29
22/10/2006 05:00:00;168.34;4.51
22/10/2006 04:00:00;164.13;6.08
21/10/2006 23:00:00;145.84;2.94
21/10/2006 19:00:00;150.06;2.35
21/10/2006 16:00:00;155.69;3.53
21/10/2006 10:00:00;133.19;6.08
21/10/2006 09:00:00;127.56;6.08
21/10/2006 01:00:00;37.56;0.2
20/10/2006 21:00:00;207.72;3.33
20/10/2006 20:00:00;127.56;3.33
20/10/2006 19:00:00;148.66;3.73
20/10/2006 18:00:00;178.19;2.35
20/10/2006 14:00:00;140.22;4.12
20/10/2006 08:00:00;331.47;0.78
20/10/2006 07:00:00;283.66;0.59
20/10/2006 03:00:00;314.59;3.73
20/10/2006 00:00:00;301.94;2.75
19/10/2006 21:00:00;162.72;0.39
19/10/2006 17:00:00;1;1.76
19/10/2006 15:00:00;145.84;1.18
19/10/2006 14:00:00;304.75;0.2
19/10/2006 10:00:00;158.5;4.31
19/10/2006 02:00:00;107.88;3.53
18/10/2006 22:00:00;134.59;5.1
18/10/2006 19:00:00;144.44;4.51
18/10/2006 16:00:00;141.63;5.69
18/10/2006 13:00:00;148.66;5.49
18/10/2006 11:00:00;128.97;4.51
18/10/2006 07:00:00;162.72;2.16
18/10/2006 01:00:00;120.53;2.35
17/10/2006 18:00:00;140.22;1.57
17/10/2006 16:00:00;158.5;1.18
17/10/2006 12:00:00;161.31;4.71
17/10/2006 05:00:00;60.06;1.37
17/10/2006 03:00:00;50.22;0.78
16/10/2006 15:00:00;120.53;4.51
16/10/2006 12:00:00;138.81;3.33
16/10/2006 08:00:00;133.19;5.29
16/10/2006 07:00:00;113.5;2.55
16/10/2006 02:00:00;202.09;3.33
15/10/2006 19:00:00;103.66;4.51
15/10/2006 17:00:00;113.5;5.29
15/10/2006 15:00:00;119.13;5.49
15/10/2006 11:00:00;140.22;4.31
15/10/2006 06:00:00;106.47;0.2
14/10/2006 23:00:00;6.63;1.37
14/10/2006 21:00:00;258.34;0
14/10/2006 19:00:00;285.06;0.59
14/10/2006 16:00:00;144.44;2.16
14/10/2006 09:00:00;282.25;0.98
14/10/2006 07:00:00;155.69;3.14
14/10/2006 03:00:00;78.34;0.2
14/10/2006 01:00:00;41.78;0.98
13/10/2006 13:00:00;119.13;1.37
13/10/2006 11:00:00;54.44;0.59
13/10/2006 08:00:00;22.09;1.57
13/10/2006 02:00:00;323.03;1.57
12/10/2006 10:00:00;272.41;1.76
12/10/2006 08:00:00;283.66;0.59
12/10/2006 06:00:00;275.22;2.55
12/10/2006 04:00:00;127.56;0.59
11/10/2006 22:00:00;71.31;6.27
11/10/2006 14:00:00;244.28;1.37
11/10/2006 09:00:00;168.34;2.16
11/10/2006 07:00:00;68.5;1.37
11/10/2006 06:00:00;164.13;3.53
11/10/2006 01:00:00;117.72;4.31
10/10/2006 11:00:00;152.88;6.27
10/10/2006 09:00:00;148.66;3.33
10/10/2006 05:00:00;150.06;4.9
10/10/2006 02:00:00;102.25;3.73
10/10/2006 00:00:00;151.47;3.14
09/10/2006 22:00:00;162.72;4.12
09/10/2006 20:00:00;161.31;4.51
09/10/2006 15:00:00;165.53;5.29
09/10/2006 14:00:00;166.94;6.08
09/10/2006 13:00:00;158.5;6.27
09/10/2006 08:00:00;145.84;4.9
09/10/2006 04:00:00;181;3.53
09/10/2006 02:00:00;136;0.98
08/10/2006 19:00:00;292.09;0
08/10/2006 17:00:00;183.81;1.76
08/10/2006 14:00:00;293.5;2.55
08/10/2006 06:00:00;58.66;0
08/10/2006 01:00:00;213.34;1.18
07/10/2006 21:00:00;9.44;0
07/10/2006 19:00:00;100.84;2.16
07/10/2006 16:00:00;338.5;1.18
07/10/2006 11:00:00;79.75;1.57
07/10/2006 09:00:00;131.78;1.37
07/10/2006 05:00:00;313.19;3.14
07/10/2006 03:00:00;72.72;0.2
07/10/2006 02:00:00;41.78;0.78
06/10/2006 20:00:00;116.31;3.92
06/10/2006 18:00:00;50.22;3.53
06/10/2006 16:00:00;124.75;2.55
06/10/2006 14:00:00;183.81;3.14
06/10/2006 13:00:00;151.47;1.37
06/10/2006 08:00:00;44.59;0.2
05/10/2006 23:00:00;275.22;1.18
05/10/2006 22:00:00;126.16;1.37
05/10/2006 16:00:00;252.72;1.37
05/10/2006 15:00:00;140.22;2.94
05/10/2006 06:00:00;169.75;6.08
05/10/2006 03:00:00;12.25;0.78
05/10/2006 01:00:00;50.22;0.59
04/10/2006 23:00:00;324.44;0.98
04/10/2006 21:00:00;95.22;3.92
04/10/2006 19:00:00;127.56;1.76
04/10/2006 13:00:00;158.5;3.14
04/10/2006 03:00:00;128.97;2.55
04/10/2006 00:00:00;152.88;3.14
03/10/2006 21:00:00;86.78;1.37
03/10/2006 18:00:00;130.38;1.37
03/10/2006 08:00:00;105.06;1.18
03/10/2006 05:00:00;37.56;2.55
03/10/2006 04:00:00;102.25;2.35
02/10/2006 22:00:00;68.5;3.92
02/10/2006 20:00:00;81.16;4.51
02/10/2006 18:00:00;30.53;2.75
02/10/2006 15:00:00;300.53;1.57
02/10/2006 14:00:00;334.28;3.92
02/10/2006 10:00:00;148.66;4.51
02/10/2006 07:00:00;154.28;3.92
02/10/2006 04:00:00;159.91;4.71
02/10/2006 01:00:00;155.69;5.88
01/10/2006 23:00:00;134.59;2.55
01/10/2006 22:00:00;150.06;3.53
01/10/2006 19:00:00;102.25;0
01/10/2006 17:00:00;188.03;0
01/10/2006 15:00:00;110.69;2.35
01/10/2006 14:00:00;161.31;4.31
01/10/2006 12:00:00;186.63;4.31
01/10/2006 07:00:00;123.34;4.51
01/10/2006 03:00:00;152.88;3.33
30/09/2006 21:00:00;83.97;3.33
30/09/2006 19:00:00;83.97;2.94
30/09/2006 16:00:00;148.66;4.71
30/09/2006 13:00:00;154.28;7.06
30/09/2006 11:00:00;157.09;6.27
30/09/2006 05:00:00;109.28;0.78
30/09/2006 00:00:00;141.63;0
29/09/2006 18:00:00;258.34;1.76
29/09/2006 16:00:00;249.91;1.37
29/09/2006 10:00:00;128.97;3.92
29/09/2006 08:00:00;96.63;0.98
29/09/2006 04:00:00;150.06;0.98
28/09/2006 23:00:00;145.84;2.94
28/09/2006 22:00:00;134.59;3.14
28/09/2006 20:00:00;143.03;0.59
28/09/2006 18:00:00;255.53;0.98
28/09/2006 14:00:00;83.97;6.47
28/09/2006 07:00:00;188.03;4.51
28/09/2006 03:00:00;114.91;2.35
28/09/2006 01:00:00;126.16;2.94
27/09/2006 23:00:00;164.13;3.33
27/09/2006 19:00:00;158.5;5.1
27/09/2006 11:00:00;128.97;5.49
27/09/2006 05:00:00;154.28;4.9
27/09/2006 02:00:00;172.56;6.27
27/09/2006 00:00:00;131.78;2.94
26/09/2006 21:00:00;147.25;4.12
26/09/2006 18:00:00;79.75;2.94
26/09/2006 10:00:00;152.88;6.47
26/09/2006 08:00:00;158.5;6.67
26/09/2006 04:00:00;53.03;1.57
26/09/2006 02:00:00;358.19;0.2
25/09/2006 20:00:00;307.56;0.78
25/09/2006 18:00:00;79.75;0.2
25/09/2006 16:00:00;126.16;2.94
25/09/2006 12:00:00;128.97;2.75
25/09/2006 07:00:00;36.16;1.37
25/09/2006 06:00:00;272.41;0.2
25/09/2006 04:00:00;325.84;0.78
25/09/2006 01:00:00;337.09;1.76
24/09/2006 20:00:00;307.56;3.33
24/09/2006 07:00:00;335.69;2.75
24/09/2006 05:00:00;266.78;1.37
24/09/2006 03:00:00;53.03;0.59
24/09/2006 01:00:00;74.13;1.18
23/09/2006 21:00:00;328.66;2.94
23/09/2006 19:00:00;300.53;3.92
23/09/2006 17:00:00;272.41;2.55
23/09/2006 13:00:00;280.84;0.78
23/09/2006 11:00:00;76.94;2.35
23/09/2006 02:00:00;54.44;0.59
22/09/2006 20:00:00;303.34;2.94
22/09/2006 18:00:00;299.13;4.12
22/09/2006 16:00:00;165.53;0.39
22/09/2006 12:00:00;48.81;0
22/09/2006 06:00:00;3.81;0.2
22/09/2006 04:00:00;13.66;0
21/09/2006 22:00:00;20.69;5.1
21/09/2006 20:00:00;314.59;4.71
21/09/2006 15:00:00;282.25;2.35
21/09/2006 09:00:00;351.16;0.78
21/09/2006 07:00:00;106.47;0.39
21/09/2006 03:00:00;341.31;1.18
21/09/2006 01:00:00;141.63;1.76
20/09/2006 23:00:00;16.47;2.75
20/09/2006 19:00:00;75.53;4.9
20/09/2006 17:00:00;58.66;5.29
20/09/2006 15:00:00;31.94;1.57
20/09/2006 13:00:00;106.47;7.25
20/09/2006 11:00:00;89.59;1.96
20/09/2006 09:00:00;136;4.9
20/09/2006 08:00:00;128.97;4.71
20/09/2006 05:00:00;136;6.27
20/09/2006 03:00:00;164.13;6.27
20/09/2006 02:00:00;148.66;4.31
20/09/2006 00:00:00;138.81;2.55
19/09/2006 16:00:00;157.09;5.88
19/09/2006 13:00:00;155.69;6.27
19/09/2006 10:00:00;119.13;5.29
19/09/2006 04:00:00;127.56;1.96
19/09/2006 02:00:00;158.5;3.33
18/09/2006 22:00:00;112.09;2.16
18/09/2006 20:00:00;113.5;3.14
18/09/2006 18:00:00;137.41;4.12
18/09/2006 14:00:00;158.5;1.57
18/09/2006 12:00:00;269.59;2.16
18/09/2006 07:00:00;124.75;2.35
18/09/2006 06:00:00;50.22;1.96
18/09/2006 01:00:00;114.91;2.16
17/09/2006 23:00:00;120.53;0.59
17/09/2006 17:00:00;133.19;5.88
17/09/2006 15:00:00;189.44;2.94
17/09/2006 09:00:00;179.59;6.08
17/09/2006 05:00:00;150.06;4.51
17/09/2006 03:00:00;144.44;3.92
17/09/2006 01:00:00;71.31;1.18
16/09/2006 21:00:00;159.91;1.96
16/09/2006 19:00:00;249.91;2.55
16/09/2006 16:00:00;276.63;3.14
16/09/2006 13:00:00;127.56;4.71
16/09/2006 08:00:00;324.44;0.2
16/09/2006 02:00:00;83.97;5.29
16/09/2006 00:00:00;75.53;4.71
15/09/2006 18:00:00;72.72;2.94
15/09/2006 12:00:00;93.81;3.73
15/09/2006 08:00:00;241.47;1.37
15/09/2006 06:00:00;96.63;1.18
15/09/2006 04:00:00;123.34;2.55
14/09/2006 22:00:00;157.09;2.75
14/09/2006 20:00:00;265.38;0.39
14/09/2006 15:00:00;26.31;3.14
14/09/2006 14:00:00;192.25;0.78
14/09/2006 09:00:00;41.78;0.78
14/09/2006 07:00:00;57.25;0.59
14/09/2006 06:00:00;55.84;0.98
14/09/2006 03:00:00;48.81;0.39
14/09/2006 01:00:00;37.56;0
13/09/2006 19:00:00;109.28;2.75
13/09/2006 13:00:00;166.94;2.75
13/09/2006 11:00:00;147.25;1.18
13/09/2006 09:00:00;161.31;2.75
13/09/2006 05:00:00;48.81;0.39
13/09/2006 03:00:00;62.88;0.39
13/09/2006 00:00:00;57.25;0.59
12/09/2006 21:00:00;131.78;1.76
12/09/2006 18:00:00;157.09;1.96
12/09/2006 16:00:00;103.66;3.73
12/09/2006 10:00:00;145.84;1.96
12/09/2006 04:00:00;53.03;0.78
12/09/2006 02:00:00;72.72;0.78
12/09/2006 00:00:00;165.53;0
11/09/2006 14:00:00;143.03;5.88
11/09/2006 10:00:00;157.09;6.27
11/09/2006 07:00:00;128.97;3.33
11/09/2006 06:00:00;114.91;2.35
11/09/2006 01:00:00;106.47;1.76
10/09/2006 23:00:00;107.88;1.57
10/09/2006 22:00:00;155.69;3.73
10/09/2006 17:00:00;67.09;6.47
10/09/2006 15:00:00;75.53;6.27
10/09/2006 14:00:00;67.09;7.45
10/09/2006 11:00:00;189.44;1.37
10/09/2006 09:00:00;152.88;1.96
10/09/2006 07:00:00;33.34;0.2
10/09/2006 03:00:00;154.28;3.33
09/09/2006 21:00:00;60.06;2.94
09/09/2006 16:00:00;106.47;5.29
09/09/2006 13:00:00;102.25;7.06
09/09/2006 11:00:00;143.03;3.73
09/09/2006 08:00:00;123.34;5.1
09/09/2006 05:00:00;105.06;6.86
09/09/2006 02:00:00;140.22;1.37
09/09/2006 00:00:00;112.09;1.76
08/09/2006 20:00:00;155.69;3.33
08/09/2006 18:00:00;157.09;4.31
08/09/2006 16:00:00;68.5;5.49
08/09/2006 10:00:00;123.34;4.12
08/09/2006 07:00:00;176.78;5.29
07/09/2006 23:00:00;130.38;3.14
07/09/2006 17:00:00;134.59;6.27
07/09/2006 15:00:00;137.41;8.24
07/09/2006 14:00:00;121.94;7.65
07/09/2006 11:00:00;138.81;5.88
07/09/2006 09:00:00;131.78;6.08
07/09/2006 03:00:00;150.06;7.45
07/09/2006 01:00:00;144.44;5.88
06/09/2006 21:00:00;151.47;6.08
06/09/2006 16:00:00;162.72;6.67
06/09/2006 13:00:00;154.28;7.25
06/09/2006 11:00:00;134.59;6.27
06/09/2006 10:00:00;145.84;5.69
05/09/2006 22:00:00;308.97;5.29
05/09/2006 18:00:00;242.88;1.76
05/09/2006 14:00:00;290.69;1.37
05/09/2006 12:00:00;294.91;2.16
05/09/2006 07:00:00;;2.75
05/09/2006 06:00:00;351.16;2.16
04/09/2006 23:00:00;331.47;2.94
04/09/2006 19:00:00;303.34;5.1
04/09/2006 17:00:00;323.03;2.94
04/09/2006 15:00:00;263.97;0.78
04/09/2006 14:00:00;303.34;3.33
04/09/2006 11:00:00;220.38;0.39
04/09/2006 05:00:00;53.03;0.78
04/09/2006 03:00:00;301.94;0.2
04/09/2006 01:00:00;320.22;0.98
03/09/2006 19:00:00;300.53;4.31
03/09/2006 16:00:00;290.69;4.71
03/09/2006 13:00:00;286.47;3.33
03/09/2006 08:00:00;349.75;0.39
03/09/2006 02:00:00;304.75;2.35
02/09/2006 22:00:00;337.09;1.37
02/09/2006 20:00:00;337.09;2.94
02/09/2006 18:00:00;314.59;2.55
02/09/2006 12:00:00;10.84;0.2
02/09/2006 10:00:00;43.19;1.37
02/09/2006 07:00:00;106.47;0.78
01/09/2006 23:00:00;320.22;1.96
01/09/2006 20:00:00;283.66;1.96
01/09/2006 17:00:00;89.59;2.94
01/09/2006 15:00:00;155.69;4.31
01/09/2006 14:00:00;71.31;3.33
01/09/2006 09:00:00;324.44;2.16
01/09/2006 05:00:00;127.56;3.53
01/09/2006 03:00:00;113.5;2.35
31/08/2006 21:00:00;89.59;3.73
31/08/2006 17:00:00;79.75;5.88
31/08/2006 13:00:00;124.75;5.49
31/08/2006 11:00:00;157.09;5.69
31/08/2006 10:00:00;157.09;6.67
31/08/2006 08:00:00;159.91;7.65
31/08/2006 05:00:00;144.44;7.65
31/08/2006 04:00:00;140.22;7.65
31/08/2006 02:00:00;140.22;5.1
30/08/2006 22:00:00;157.09;5.1
30/08/2006 20:00:00;150.06;5.1
30/08/2006 16:00:00;155.69;7.06
30/08/2006 12:00:00;134.59;6.86
29/08/2006 23:00:00;283.66;2.75
29/08/2006 15:00:00;328.66;2.55
29/08/2006 14:00:00;278.03;1.37
29/08/2006 09:00:00;304.75;2.75
29/08/2006 07:00:00;299.13;1.76
29/08/2006 05:00:00;272.41;2.55
29/08/2006 03:00:00;89.59;1.96
28/08/2006 21:00:00;296.31;1.57
28/08/2006 19:00:00;140.22;3.14
28/08/2006 17:00:00;154.28;1.96
28/08/2006 13:00:00;283.66;1.18
28/08/2006 10:00:00;273.81;0.2
28/08/2006 08:00:00;47.41;1.37
28/08/2006 05:00:00;58.66;0.98
28/08/2006 02:00:00;117.72;0.78
27/08/2006 20:00:00;352.56;5.29
27/08/2006 16:00:00;280.84;3.92
27/08/2006 13:00:00;33.34;7.45
27/08/2006 12:00:00;165.53;0.2
27/08/2006 10:00:00;310.38;1.57
27/08/2006 07:00:00;331.47;5.69
27/08/2006 06:00:00;60.06;3.14
27/08/2006 04:00:00;76.94;7.06
26/08/2006 23:00:00;93.81;5.49
26/08/2006 20:00:00;85.38;5.49
26/08/2006 18:00:00;68.5;5.49
26/08/2006 15:00:00;68.5;0.39
26/08/2006 14:00:00;60.06;7.45
26/08/2006 12:00:00;152.88;1.18
26/08/2006 07:00:00;81.16;8.63
26/08/2006 03:00:00;40.38;0.98
25/08/2006 23:00:00;141.63;2.35
25/08/2006 17:00:00;82.56;6.27
25/08/2006 08:00:00;199.28;5.29
25/08/2006 05:00:00;145.84;4.12
25/08/2006 00:00:00;95.22;0.78
24/08/2006 19:00:00;152.88;4.12
24/08/2006 16:00:00;157.09;3.14
24/08/2006 13:00:00;275.22;1.76
24/08/2006 08:00:00;55.84;1.37
24/08/2006 06:00:00;114.91;0.78
24/08/2006 00:00:00;2.41;0.2
23/08/2006 22:00:00;91;0
23/08/2006 20:00:00;300.53;1.76
23/08/2006 18:00:00;50.22;3.73
23/08/2006 12:00:00;37.56;3.33
23/08/2006 09:00:00;324.44;1.96
23/08/2006 07:00:00;78.34;7.84
23/08/2006 06:00:00;85.38;2.94
23/08/2006 01:00:00;68.5;0.39
22/08/2006 23:00:00;83.97;0.78
22/08/2006 22:00:00;46;0.2
22/08/2006 20:00:00;216.16;0.39
22/08/2006 17:00:00;162.72;4.31
22/08/2006 15:00:00;154.28;5.49
22/08/2006 14:00:00;145.84;5.1
22/08/2006 03:00:00;106.47;0.78
22/08/2006 00:00:00;55.84;1.37
21/08/2006 21:00:00;317.41;4.31
21/08/2006 19:00:00;339.91;4.71
21/08/2006 17:00:00;287.88;1.76
21/08/2006 16:00:00;293.5;1.76
21/08/2006 13:00:00;275.22;2.55
21/08/2006 12:00:00;23.5;0.78
21/08/2006 06:00:00;1;0
21/08/2006 04:00:00;40.38;0.2
21/08/2006 02:00:00;318.81;0.98
21/08/2006 00:00:00;321.63;1.18
20/08/2006 22:00:00;324.44;1.76
20/08/2006 21:00:00;10.84;3.33
20/08/2006 18:00:00;99.44;0.59
20/08/2006 16:00:00;285.06;1.37
20/08/2006 06:00:00;36.16;0.2
20/08/2006 01:00:00;58.66;1.18
19/08/2006 22:00:00;310.38;3.92
19/08/2006 20:00:00;313.19;3.73
19/08/2006 18:00:00;332.88;1.96
19/08/2006 15:00:00;166.94;3.53
19/08/2006 11:00:00;102.25;2.16
19/08/2006 09:00:00;157.09;4.31
19/08/2006 05:00:00;262.56;2.16
19/08/2006 03:00:00;78.34;4.51
18/08/2006 22:00:00;159.91;3.33
18/08/2006 19:00:00;117.72;2.16
18/08/2006 17:00:00;98.03;3.53
18/08/2006 16:00:00;117.72;5.29
18/08/2006 15:00:00;144.44;5.69
18/08/2006 11:00:00;133.19;3.92
18/08/2006 10:00:00;157.09;3.33
18/08/2006 08:00:00;116.31;2.35
18/08/2006 04:00:00;71.31;0.98
18/08/2006 03:00:00;65.69;0.59
18/08/2006 02:00:00;76.94;1.18
17/08/2006 21:00:00;161.31;3.73
17/08/2006 19:00:00;172.56;1.37
17/08/2006 16:00:00;161.31;2.16
17/08/2006 12:00:00;106.47;4.31
17/08/2006 07:00:00;62.88;0.78
17/08/2006 06:00:00;290.69;2.35
17/08/2006 04:00:00;76.94;5.1
16/08/2006 20:00:00;280.84;1.18
16/08/2006 18:00:00;22.09;1.37
16/08/2006 14:00:00;272.41;3.92
16/08/2006 11:00:00;95.22;0.78
16/08/2006 09:00:00;306.16;1.96
16/08/2006 03:00:00;136;3.33
15/08/2006 23:00:00;76.94;1.37
15/08/2006 22:00:00;147.25;3.14
15/08/2006 15:00:00;68.5;5.88
15/08/2006 14:00:00;82.56;3.14
15/08/2006 10:00:00;51.63;0.39
15/08/2006 08:00:00;3.81;1.18
15/08/2006 05:00:00;76.94;5.29
15/08/2006 03:00:00;91;4.71
15/08/2006 01:00:00;91;4.71
14/08/2006 23:00:00;96.63;4.12
14/08/2006 21:00:00;95.22;3.14
14/08/2006 19:00:00;61.47;3.53
14/08/2006 18:00:00;82.56;3.73
14/08/2006 17:00:00;58.66;4.9
14/08/2006 10:00:00;74.13;7.06
14/08/2006 06:00:00;81.16;4.51
14/08/2006 03:00:00;152.88;3.33
14/08/2006 00:00:00;147.25;3.33
13/08/2006 21:00:00;102.25;2.35
13/08/2006 16:00:00;60.06;4.51
13/08/2006 09:00:00;76.94;0.39
13/08/2006 07:00:00;103.66;3.53
13/08/2006 04:00:00;79.75;4.51
13/08/2006 02:00:00;150.06;3.14
13/08/2006 00:00:00;143.03;2.75
12/08/2006 22:00:00;96.63;3.92
12/08/2006 20:00:00;98.03;3.92
12/08/2006 19:00:00;93.81;1.76
12/08/2006 08:00:00;144.44;4.12
12/08/2006 07:00:00;81.16;4.31
12/08/2006 05:00:00;95.22;3.73
12/08/2006 01:00:00;162.72;0.98
11/08/2006 23:00:00;72.72;0.59
11/08/2006 22:00:00;165.53;2.94
11/08/2006 12:00:00;17.88;0.98
11/08/2006 10:00:00;121.94;1.57
11/08/2006 05:00:00;95.22;1.76
11/08/2006 04:00:00;110.69;3.53
11/08/2006 03:00:00;72.72;0.78
11/08/2006 01:00:00;124.75;2.55
10/08/2006 21:00:00;127.56;2.55
10/08/2006 19:00:00;143.03;2.94
10/08/2006 14:00:00;275.22;2.35
10/08/2006 08:00:00;47.41;0.39
10/08/2006 07:00:00;6.63;0
10/08/2006 02:00:00;93.81;5.1
10/08/2006 00:00:00;130.38;2.94
09/08/2006 20:00:00;293.5;1.76
09/08/2006 18:00:00;47.41;2.55
09/08/2006 17:00:00;61.47;4.9
09/08/2006 11:00:00;53.03;1.57
09/08/2006 04:00:00;50.22;0.98
08/08/2006 20:00:00;105.06;5.29
08/08/2006 08:00:00;150.06;2.75
08/08/2006 06:00:00;64.28;5.1
08/08/2006 03:00:00;48.81;0.39
08/08/2006 01:00:00;53.03;0.98
07/08/2006 16:00:00;92.41;5.1
07/08/2006 14:00:00;193.66;0.59
07/08/2006 05:00:00;47.41;0
07/08/2006 03:00:00;55.84;1.37
07/08/2006 00:00:00;134.59;2.16
06/08/2006 18:00:00;297.72;2.75
06/08/2006 17:00:00;282.25;2.55
06/08/2006 15:00:00;293.5;3.53
06/08/2006 14:00:00;273.81;1.37
06/08/2006 09:00:00;69.91;1.37
06/08/2006 04:00:00;48.81;0
06/08/2006 02:00:00;79.75;0.78
05/08/2006 19:00:00;121.94;3.14
05/08/2006 13:00:00;117.72;2.94
05/08/2006 08:00:00;64.28;1.37
04/08/2006 18:00:00;152.88;1.76
04/08/2006 16:00:00;133.19;2.94
04/08/2006 10:00:00;53.03;1.37
04/08/2006 09:00:00;36.16;0.78
04/08/2006 05:00:00;55.84;1.18
04/08/2006 03:00:00;65.69;0.59
04/08/2006 01:00:00;53.03;0.98
04/08/2006 00:00:00;341.31;0.98
03/08/2006 23:00:00;321.63;2.35
03/08/2006 22:00:00;348.34;1.96
03/08/2006 14:00:00;141.63;4.31
03/08/2006 10:00:00;91;3.53
03/08/2006 08:00:00;138.81;3.53
03/08/2006 04:00:00;119.13;1.57
03/08/2006 02:00:00;53.03;0.59
02/08/2006 21:00:00;341.31;2.35
02/08/2006 19:00:00;280.84;2.75
02/08/2006 13:00:00;127.56;3.33
02/08/2006 07:00:00;75.53;0.98
02/08/2006 06:00:00;62.88;1.57
01/08/2006 23:00:00;188.03;1.76
01/08/2006 21:00:00;3.81;1.96
01/08/2006 18:00:00;293.5;2.16
01/08/2006 11:00:00;100.84;0.2
01/08/2006 07:00:00;313.19;0.59
01/08/2006 03:00:00;141.63;2.75
01/08/2006 01:00:00;155.69;2.55
31/07/2006 22:00:00;67.09;2.75
31/07/2006 15:00:00;157.09;4.12
31/07/2006 11:00:00;154.28;4.31
31/07/2006 08:00:00;147.25;4.71
31/07/2006 05:00:00;151.47;4.12
31/07/2006 02:00:00;292.09;0.98
30/07/2006 19:00:00;324.44;2.16
30/07/2006 12:00:00;92.41;0.2
30/07/2006 11:00:00;317.41;0.2
30/07/2006 08:00:00;306.16;3.33
30/07/2006 04:00:00;16.47;0.98
30/07/2006 02:00:00;265.38;0.59
29/07/2006 21:00:00;318.81;1.18
29/07/2006 18:00:00;320.22;0.98
29/07/2006 16:00:00;301.94;4.71
29/07/2006 13:00:00;266.78;0
29/07/2006 12:00:00;43.19;0.39
29/07/2006 07:00:00;38.97;0.39
29/07/2006 06:00:00;9.44;0
29/07/2006 03:00:00;36.16;0.78
29/07/2006 01:00:00;64.28;0.78
28/07/2006 23:00:00;113.5;1.57
28/07/2006 22:00:00;1;0.98
28/07/2006 20:00:00;285.06;1.37
28/07/2006 12:00:00;294.91;1.18
28/07/2006 11:00:00;71.31;0.98
28/07/2006 09:00:00;96.63;2.75
28/07/2006 05:00:00;265.38;0.78
28/07/2006 03:00:00;88.19;1.37
27/07/2006 10:00:00;98.03;0.98
27/07/2006 08:00:00;99.44;2.16
27/07/2006 06:00:00;113.5;0.78
27/07/2006 04:00:00;27.72;1.18
27/07/2006 02:00:00;48.81;0.59
26/07/2006 21:00:00;148.66;2.94
26/07/2006 18:00:00;189.44;0.59
26/07/2006 16:00:00;294.91;0.98
26/07/2006 12:00:00;304.75;0.2
26/07/2006 06:00:00;31.94;0.39
26/07/2006 01:00:00;61.47;0.2
26/07/2006 00:00:00;83.97;0
25/07/2006 15:00:00;147.25;5.29
25/07/2006 14:00:00;154.28;1.96
25/07/2006 09:00:00;92.41;3.73
25/07/2006 03:00:00;41.78;0.78
24/07/2006 23:00:00;46;1.37
24/07/2006 22:00:00;131.78;1.57
24/07/2006 17:00:00;138.81;3.53
24/07/2006 13:00:00;109.28;3.14
24/07/2006 11:00:00;75.53;0.98
24/07/2006 08:00:00;91;0.78
24/07/2006 02:00:00;62.88;1.76
23/07/2006 21:00:00;145.84;3.53
23/07/2006 16:00:00;141.63;2.94
23/07/2006 12:00:00;82.56;2.16
23/07/2006 10:00:00;325.84;0.78
23/07/2006 07:00:00;62.88;0.59
23/07/2006 06:00:00;30.53;0.98
23/07/2006 02:00:00;99.44;1.18
22/07/2006 20:00:00;74.13;1.37
22/07/2006 15:00:00;161.31;2.16
22/07/2006 09:00:00;105.06;2.94
22/07/2006 07:00:00;120.53;2.35
22/07/2006 03:00:00;130.38;5.69
21/07/2006 23:00:00;138.81;2.35
21/07/2006 22:00:00;161.31;3.73
21/07/2006 13:00:00;290.69;1.37
21/07/2006 11:00:00;123.34;1.96
21/07/2006 09:00:00;304.75;0.59
21/07/2006 08:00:00;82.56;0.59
21/07/2006 05:00:00;173.97;1.76
21/07/2006 03:00:00;55.84;0.98
20/07/2006 21:00:00;294.91;0.78
20/07/2006 16:00:00;300.53;2.94
20/07/2006 12:00:00;44.59;1.37
20/07/2006 08:00:00;275.22;0.78
20/07/2006 07:00:00;67.09;0.39
20/07/2006 06:00:00;44.59;0.59
19/07/2006 20:00:00;299.13;2.55
19/07/2006 17:00:00;296.31;2.94
19/07/2006 15:00:00;289.28;2.16
19/07/2006 14:00:00;147.25;0
19/07/2006 11:00:00;95.22;1.57
19/07/2006 09:00:00;268.19;0.59
19/07/2006 07:00:00;195.06;0
19/07/2006 06:00:00;55.84;0.59
18/07/2006 23:00:00;103.66;0.2
18/07/2006 17:00:00;259.75;0.2
18/07/2006 16:00:00;76.94;5.29
18/07/2006 13:00:00;161.31;4.71
18/07/2006 11:00:00;119.13;4.12
18/07/2006 08:00:00;109.28;2.55
18/07/2006 05:00:00;37.56;0.98
18/07/2006 03:00:00;43.19;0.78
17/07/2006 21:00:00;82.56;0
17/07/2006 18:00:00;162.72;2.75
17/07/2006 16:00:00;155.69;3.92
17/07/2006 14:00:00;151.47;6.08
17/07/2006 12:00:00;152.88;4.51
17/07/2006 10:00:00;128.97;4.51
17/07/2006 07:00:00;136;4.9
17/07/2006 06:00:00;110.69;3.53
17/07/2006 04:00:00;43.19;1.37
17/07/2006 02:00:00;53.03;0.59
17/07/2006 00:00:00;165.53;0.98
16/07/2006 22:00:00;190.84;4.51
16/07/2006 20:00:00;151.47;4.31
16/07/2006 17:00:00;137.41;2.35
16/07/2006 15:00:00;159.91;5.49
16/07/2006 14:00:00;152.88;5.29
16/07/2006 09:00:00;120.53;2.94
16/07/2006 07:00:00;127.56;3.53
16/07/2006 06:00:00;102.25;2.55
16/07/2006 01:00:00;40.38;2.16
15/07/2006 23:00:00;203.5;3.33
15/07/2006 19:00:00;145.84;3.73
15/07/2006 17:00:00;141.63;3.33
15/07/2006 16:00:00;141.63;3.14
15/07/2006 13:00:00;58.66;1.76
15/07/2006 11:00:00;268.19;0.78
15/07/2006 08:00:00;117.72;2.16
15/07/2006 05:00:00;131.78;4.51
15/07/2006 03:00:00;53.03;0.78
14/07/2006 21:00:00;173.97;1.18
14/07/2006 18:00:00;88.19;3.14
14/07/2006 14:00:00;155.69;4.9
14/07/2006 13:00:00;131.78;3.14
14/07/2006 12:00:00;157.09;2.35
14/07/2006 06:00:00;72.72;0.2
14/07/2006 02:00:00;47.41;1.37
14/07/2006 00:00:00;137.41;0.98
13/07/2006 20:00:00;123.34;2.94
13/07/2006 17:00:00;131.78;4.12
13/07/2006 15:00:00;92.41;5.49
13/07/2006 14:00:00;123.34;3.33
13/07/2006 11:00:00;78.34;1.18
13/07/2006 09:00:00;85.38;1.96
13/07/2006 07:00:00;102.25;2.55
13/07/2006 06:00:00;121.94;1.76
13/07/2006 04:00:00;60.06;0.78
13/07/2006 01:00:00;67.09;1.96
12/07/2006 23:00:00;67.09;1.76
12/07/2006 19:00:00;109.28;4.71
12/07/2006 17:00:00;106.47;4.9
12/07/2006 13:00:00;154.28;6.67
12/07/2006 11:00:00;140.22;6.08
12/07/2006 03:00:00;145.84;4.12
12/07/2006 01:00:00;57.25;0.78
11/07/2006 21:00:00;169.75;2.94
11/07/2006 18:00:00;127.56;4.12
11/07/2006 16:00:00;137.41;4.51
11/07/2006 12:00:00;112.09;4.51
11/07/2006 10:00:00;131.78;4.31
11/07/2006 08:00:00;165.53;2.75
11/07/2006 05:00:00;120.53;3.33
11/07/2006 02:00:00;120.53;3.53
11/07/2006 00:00:00;173.97;3.33
10/07/2006 20:00:00;303.34;3.73
10/07/2006 18:00:00;293.5;2.55
10/07/2006 14:00:00;276.63;0
10/07/2006 12:00:00;112.09;0.98
10/07/2006 10:00:00;62.88;0.59
10/07/2006 07:00:00;53.03;0.78
10/07/2006 06:00:00;64.28;0.78
10/07/2006 02:00:00;83.97;0.98
09/07/2006 23:00:00;44.59;0.59
09/07/2006 22:00:00;318.81;2.16
09/07/2006 17:00:00;216.16;0.2
09/07/2006 15:00:00;148.66;1.18
09/07/2006 13:00:00;105.06;2.75
09/07/2006 11:00:00;289.28;2.35
09/07/2006 09:00:00;273.81;2.35
09/07/2006 07:00:00;17.88;0.78
09/07/2006 03:00:00;68.5;1.18
09/07/2006 01:00:00;85.38;1.18
08/07/2006 19:00:00;307.56;1.57
08/07/2006 16:00:00;195.06;0.59
08/07/2006 08:00:00;136;4.31
08/07/2006 05:00:00;55.84;0.78
08/07/2006 00:00:00;136;2.35
07/07/2006 20:00:00;92.41;3.33
07/07/2006 18:00:00;72.72;1.96
07/07/2006 14:00:00;148.66;5.88
07/07/2006 12:00:00;144.44;3.53
07/07/2006 06:00:00;117.72;4.31
07/07/2006 04:00:00;74.13;2.16
07/07/2006 02:00:00;62.88;1.37
06/07/2006 23:00:00;105.06;1.76
06/07/2006 22:00:00;95.22;2.94
06/07/2006 19:00:00;134.59;4.31
06/07/2006 17:00:00;151.47;2.94
06/07/2006 11:00:00;41.78;1.76
06/07/2006 09:00:00;50.22;0.98
06/07/2006 07:00:00;46;0.39
06/07/2006 03:00:00;36.16;0.59
06/07/2006 01:00:00;151.47;0.78
05/07/2006 21:00:00;37.56;0
05/07/2006 19:00:00;304.75;0.98
05/07/2006 18:00:00;282.25;1.96
05/07/2006 16:00:00;275.22;2.35
05/07/2006 13:00:00;276.63;0.98
05/07/2006 10:00:00;272.41;0.98
05/07/2006 08:00:00;40.38;0.39
05/07/2006 00:00:00;72.72;3.53
04/07/2006 22:00:00;358.19;0.2
04/07/2006 20:00:00;317.41;1.76
04/07/2006 14:00:00;131.78;2.55
04/07/2006 12:00:00;276.63;2.16
04/07/2006 07:00:00;30.53;0.39
04/07/2006 06:00:00;51.63;0.39
04/07/2006 04:00:00;272.41;1.76
03/07/2006 23:00:00;120.53;2.55
03/07/2006 22:00:00;148.66;2.35
03/07/2006 17:00:00;147.25;2.55
03/07/2006 11:00:00;152.88;4.51
03/07/2006 09:00:00;34.75;0.39
03/07/2006 07:00:00;98.03;2.16
03/07/2006 03:00:00;293.5;0.39
02/07/2006 21:00:00;172.56;1.96
02/07/2006 19:00:00;119.13;2.35
02/07/2006 16:00:00;61.47;4.71
02/07/2006 13:00:00;68.5;0.39
02/07/2006 08:00:00;121.94;2.75
02/07/2006 02:00:00;102.25;0.39
02/07/2006 00:00:00;58.66;0.78
01/07/2006 12:00:00;165.53;4.51
01/07/2006 10:00:00;123.34;3.73
01/07/2006 04:00:00;105.06;3.53
30/06/2006 22:00:00;168.34;3.73
30/06/2006 09:00:00;136;2.35
30/06/2006 05:00:00;161.31;1.57
30/06/2006 03:00:00;308.97;0.59
29/06/2006 13:00:00;144.44;6.47
29/06/2006 08:00:00;131.78;6.47
29/06/2006 05:00:00;133.19;7.45
29/06/2006 04:00:00;140.22;7.06
29/06/2006 02:00:00;54.44;1.18
29/06/2006 00:00:00;51.63;1.18
28/06/2006 20:00:00;154.28;3.92
28/06/2006 18:00:00;147.25;4.9
28/06/2006 16:00:00;150.06;5.88
28/06/2006 14:00:00;148.66;6.08
28/06/2006 12:00:00;152.88;4.12
28/06/2006 06:00:00;46;1.18
28/06/2006 01:00:00;5.22;1.76
27/06/2006 23:00:00;355.38;3.53
27/06/2006 22:00:00;334.28;2.75
27/06/2006 19:00:00;316;7.84
27/06/2006 17:00:00;314.59;5.69
27/06/2006 15:00:00;323.03;4.12
27/06/2006 11:00:00;299.13;2.16
27/06/2006 05:00:00;290.69;0.59
27/06/2006 03:00:00;38.97;1.18
26/06/2006 13:00:00;310.38;1.76
26/06/2006 10:00:00;331.47;2.75
26/06/2006 08:00:00;324.44;0.98
26/06/2006 02:00:00;71.31;7.45
25/06/2006 18:00:00;64.28;4.31
25/06/2006 12:00:00;151.47;0.98
25/06/2006 06:00:00;140.22;5.69
24/06/2006 23:00:00;83.97;2.55
24/06/2006 22:00:00;93.81;4.12
24/06/2006 15:00:00;143.03;7.84
24/06/2006 07:00:00;157.09;5.29
24/06/2006 03:00:00;95.22;1.18
24/06/2006 01:00:00;55.84;0.78
23/06/2006 23:00:00;60.06;0.39
22/06/2006 12:00:00;96.63;1.76
21/06/2006 12:00:00;169.75;2.75
21/06/2006 09:00:00;72.72;8.24
21/06/2006 06:00:00;83.97;5.69
21/06/2006 01:00:00;93.81;4.51
20/06/2006 23:00:00;95.22;5.88
20/06/2006 19:00:00;110.69;2.75
20/06/2006 05:00:00;102.25;2.16
20/06/2006 03:00:00;75.53;1.76
19/06/2006 21:00:00;95.22;5.49
19/06/2006 02:00:00;152.88;3.53
18/06/2006 20:00:00;105.06;3.73
18/06/2006 18:00:00;86.78;5.49
18/06/2006 15:00:00;158.5;7.06
18/06/2006 14:00:00;151.47;7.06
18/06/2006 09:00:00;144.44;5.1
17/06/2006 23:00:00;116.31;0.59
17/06/2006 22:00:00;117.72;0.59
17/06/2006 19:00:00;271;1.96
17/06/2006 16:00:00;148.66;3.73
17/06/2006 13:00:00;130.38;5.29
17/06/2006 11:00:00;152.88;5.1
17/06/2006 08:00:00;91;2.94
17/06/2006 05:00:00;43.19;0.59
17/06/2006 03:00:00;57.25;0.98
17/06/2006 01:00:00;82.56;0.98
16/06/2006 18:00:00;335.69;0.59
16/06/2006 14:00:00;278.03;2.94
16/06/2006 04:00:00;74.13;0.98
16/06/2006 02:00:00;47.41;0.98
15/06/2006 15:00:00;279.44;2.75
15/06/2006 09:00:00;262.56;1.37
15/06/2006 07:00:00;55.84;0.59
15/06/2006 03:00:00;48.81;0.78
14/06/2006 23:00:00;54.44;0.59
14/06/2006 16:00:00;152.88;3.14
14/06/2006 11:00:00;171.16;4.31
14/06/2006 09:00:00;131.78;2.55
14/06/2006 05:00:00;145.84;2.16
14/06/2006 03:00:00;54.44;0.78
13/06/2006 21:00:00;124.75;3.73
13/06/2006 08:00:00;143.03;6.27
13/06/2006 02:00:00;44.59;1.18
13/06/2006 00:00:00;79.75;1.37
12/06/2006 17:00:00;136;3.33
12/06/2006 15:00:00;144.44;1.76
12/06/2006 07:00:00;44.59;0.2
12/06/2006 06:00:00;62.88;0.59
12/06/2006 01:00:00;54.44;0.98
11/06/2006 23:00:00;51.63;1.96
11/06/2006 22:00:00;165.53;2.16
11/06/2006 19:00:00;69.91;0
11/06/2006 17:00:00;278.03;2.75
11/06/2006 16:00:00;293.5;2.94
11/06/2006 09:00:00;68.5;0.98
11/06/2006 07:00:00;58.66;0.39
11/06/2006 05:00:00;19.28;1.76
11/06/2006 03:00:00;228.81;0.39
11/06/2006 01:00:00;44.59;1.37
09/06/2006 22:00:00;109.28;2.94
09/06/2006 15:00:00;117.72;5.49
09/06/2006 14:00:00;120.53;6.27
09/06/2006 12:00:00;127.56;5.1
09/06/2006 10:00:00;138.81;4.71
09/06/2006 06:00:00;100.84;1.57
09/06/2006 04:00:00;144.44;2.35
08/06/2006 19:00:00;124.75;3.14
08/06/2006 17:00:00;96.63;4.9
08/06/2006 09:00:00;148.66;3.73
08/06/2006 07:00:00;136;3.73
08/06/2006 06:00:00;151.47;3.92
08/06/2006 03:00:00;72.72;0.98
08/06/2006 01:00:00;48.81;0.78
07/06/2006 21:00:00;137.41;2.16
07/06/2006 09:00:00;126.16;3.33
07/06/2006 08:00:00;92.41;3.33
07/06/2006 05:00:00;155.69;0.2
07/06/2006 03:00:00;47.41;1.18
06/06/2006 22:00:00;178.19;2.35
06/06/2006 21:00:00;144.44;2.75
06/06/2006 20:00:00;126.16;0.98
06/06/2006 12:00:00;98.03;3.33
06/06/2006 10:00:00;82.56;2.16
06/06/2006 08:00:00;81.16;1.96
06/06/2006 04:00:00;71.31;1.76
05/06/2006 23:00:00;75.53;0.2
05/06/2006 22:00:00;182.41;2.55
05/06/2006 17:00:00;287.88;2.55
05/06/2006 12:00:00;31.94;1.57
05/06/2006 07:00:00;278.03;1.37
05/06/2006 06:00:00;65.69;5.69
05/06/2006 01:00:00;116.31;0.78
04/06/2006 21:00:00;141.63;2.35
04/06/2006 18:00:00;110.69;1.76
04/06/2006 16:00:00;86.78;7.06
04/06/2006 09:00:00;123.34;2.35
04/06/2006 05:00:00;171.16;3.73
04/06/2006 03:00:00;99.44;2.75
04/06/2006 00:00:00;53.03;0.78
03/06/2006 20:00:00;126.16;3.73
03/06/2006 14:00:00;155.69;5.29
03/06/2006 08:00:00;143.03;5.29
03/06/2006 05:00:00;113.5;2.94
03/06/2006 02:00:00;48.81;1.18
02/06/2006 23:00:00;116.31;0.59
02/06/2006 22:00:00;178.19;2.16
02/06/2006 17:00:00;150.06;4.31
02/06/2006 16:00:00;147.25;5.69
02/06/2006 14:00:00;133.19;6.08
02/06/2006 12:00:00;161.31;4.31
02/06/2006 10:00:00;75.53;1.37
01/06/2006 14:00:00;271;2.16
01/06/2006 09:00:00;23.5;0.39
01/06/2006 07:00:00;43.19;0.98
01/06/2006 06:00:00;41.78;0.2
01/06/2006 02:00:00;46;0.98
01/06/2006 00:00:00;24.91;1.18
31/05/2006 20:00:00;22.09;5.49
31/05/2006 18:00:00;289.28;2.75
31/05/2006 17:00:00;304.75;3.14
31/05/2006 13:00:00;290.69;2.75
31/05/2006 11:00:00;22.09;0.98
31/05/2006 09:00:00;255.53;0.2
31/05/2006 08:00:00;51.63;0.59
31/05/2006 05:00:00;120.53;0.78
31/05/2006 02:00:00;130.38;2.75
30/05/2006 23:00:00;119.13;2.35
30/05/2006 22:00:00;157.09;2.55
30/05/2006 13:00:00;154.28;4.31
30/05/2006 12:00:00;114.91;4.12
30/05/2006 10:00:00;128.97;3.33
30/05/2006 04:00:00;76.94;1.96
30/05/2006 03:00:00;140.22;0.98
29/05/2006 20:00:00;127.56;0.98
29/05/2006 19:00:00;138.81;0.59
29/05/2006 15:00:00;136;3.53
29/05/2006 13:00:00;126.16;3.33
29/05/2006 12:00:00;99.44;1.57
29/05/2006 06:00:00;44.59;0.78
29/05/2006 05:00:00;47.41;0.98
29/05/2006 03:00:00;47.41;1.76
29/05/2006 00:00:00;58.66;1.37
28/05/2006 18:00:00;293.5;4.31
28/05/2006 17:00:00;290.69;3.33
28/05/2006 15:00:00;282.25;2.94
28/05/2006 11:00:00;54.44;0.59
28/05/2006 04:00:00;55.84;1.18
28/05/2006 03:00:00;81.16;0.2
28/05/2006 02:00:00;131.78;1.57
27/05/2006 22:00:00;31.94;0.39
27/05/2006 16:00:00;278.03;1.37
27/05/2006 13:00:00;36.16;0.98
27/05/2006 10:00:00;91;2.55
27/05/2006 08:00:00;107.88;2.75
27/05/2006 07:00:00;102.25;2.94
27/05/2006 06:00:00;113.5;3.73
27/05/2006 02:00:00;40.38;0.39
27/05/2006 01:00:00;67.09;1.57
26/05/2006 23:00:00;131.78;2.35
26/05/2006 17:00:00;151.47;3.53
26/05/2006 14:00:00;86.78;3.73
26/05/2006 12:00:00;79.75;1.76
26/05/2006 10:00:00;147.25;3.53
26/05/2006 07:00:00;134.59;3.92
26/05/2006 03:00:00;100.84;1.37
25/05/2006 21:00:00;68.5;0.78
25/05/2006 17:00:00;192.25;3.92
25/05/2006 16:00:00;151.47;3.53
25/05/2006 15:00:00;148.66;4.9
25/05/2006 14:00:00;154.28;4.9
25/05/2006 11:00:00;165.53;4.12
25/05/2006 08:00:00;157.09;5.1
25/05/2006 04:00:00;140.22;5.1
25/05/2006 02:00:00;124.75;3.92
25/05/2006 00:00:00;159.91;2.35
24/05/2006 22:00:00;159.91;3.14
24/05/2006 20:00:00;121.94;3.92
24/05/2006 19:00:00;172.56;2.94
24/05/2006 17:00:00;152.88;4.51
24/05/2006 08:00:00;165.53;3.92
24/05/2006 06:00:00;162.72;3.53
24/05/2006 05:00:00;161.31;2.55
24/05/2006 04:00:00;186.63;2.55
23/05/2006 18:00:00;138.81;2.35
23/05/2006 16:00:00;134.59;0.59
23/05/2006 12:00:00;293.5;1.57
23/05/2006 09:00:00;290.69;2.75
23/05/2006 03:00:00;106.47;1.76
22/05/2006 22:00:00;311.78;2.75
22/05/2006 21:00:00;41.78;0.59
22/05/2006 20:00:00;83.97;2.75
22/05/2006 19:00:00;119.13;1.57
22/05/2006 18:00:00;252.72;0
22/05/2006 15:00:00;265.38;0.98
22/05/2006 14:00:00;292.09;0
22/05/2006 12:00:00;34.75;1.76
22/05/2006 07:00:00;282.25;0.59
21/05/2006 04:00:00;355.38;0.78
20/05/2006 23:00:00;332.88;1.37
20/05/2006 16:00:00;60.06;6.27
20/05/2006 13:00:00;278.03;0.98
20/05/2006 10:00:00;289.28;1.96
20/05/2006 08:00:00;81.16;0.2
20/05/2006 03:00:00;88.19;2.94
20/05/2006 01:00:00;76.94;4.12
19/05/2006 23:00:00;134.59;2.35
19/05/2006 20:00:00;119.13;1.57
19/05/2006 18:00:00;296.31;1.18
19/05/2006 14:00:00;282.25;3.14
19/05/2006 08:00:00;46;0.39
18/05/2006 22:00:00;148.66;3.14
18/05/2006 17:00:00;67.09;4.12
18/05/2006 15:00:00;65.69;6.67
18/05/2006 09:00:00;103.66;5.29
18/05/2006 08:00:00;161.31;4.31
18/05/2006 06:00:00;92.41;2.35
18/05/2006 04:00:00;92.41;2.35
17/05/2006 22:00:00;112.09;2.16
17/05/2006 21:00:00;130.38;2.94
17/05/2006 19:00:00;178.19;1.96
17/05/2006 17:00:00;113.5;5.1
17/05/2006 16:00:00;110.69;5.1
17/05/2006 13:00:00;162.72;4.71
17/05/2006 11:00:00;141.63;6.08
17/05/2006 09:00:00;159.91;5.1
17/05/2006 07:00:00;136;4.31
17/05/2006 06:00:00;130.38;2.75
17/05/2006 01:00:00;130.38;2.75
16/05/2006 23:00:00;92.41;1.96
16/05/2006 21:00:00;151.47;3.53
16/05/2006 20:00:00;113.5;3.53
16/05/2006 18:00:00;147.25;3.92
16/05/2006 16:00:00;151.47;5.29
16/05/2006 12:00:00;145.84;4.31
16/05/2006 05:00:00;30.53;0.98
16/05/2006 03:00:00;53.03;1.18
16/05/2006 00:00:00;60.06;1.37
15/05/2006 22:00:00;324.44;0.98
15/05/2006 20:00:00;323.03;3.33
15/05/2006 15:00:00;148.66;4.71
15/05/2006 14:00:00;145.84;6.08
15/05/2006 10:00:00;140.22;3.14
15/05/2006 04:00:00;105.06;2.94
14/05/2006 23:00:00;107.88;0.39
14/05/2006 19:00:00;123.34;1.96
14/05/2006 17:00:00;144.44;3.92
14/05/2006 15:00:00;148.66;4.71
14/05/2006 14:00:00;152.88;4.9
14/05/2006 11:00:00;107.88;3.33
14/05/2006 07:00:00;40.38;1.18
13/05/2006 21:00:00;279.44;1.96
13/05/2006 19:00:00;294.91;1.76
13/05/2006 18:00:00;286.47;0.78
13/05/2006 16:00:00;140.22;1.96
13/05/2006 13:00:00;275.22;0.98
13/05/2006 11:00:00;;0.98
13/05/2006 09:00:00;289.28;1.96
13/05/2006 05:00:00;316;3.33
13/05/2006 03:00:00;316;1.76
12/05/2006 22:00:00;145.84;1.18
12/05/2006 20:00:00;116.31;0.39
12/05/2006 15:00:00;285.06;0.78
12/05/2006 14:00:00;272.41;2.35
12/05/2006 12:00:00;345.53;1.37
12/05/2006 08:00:00;30.53;1.37
11/05/2006 23:00:00;351.16;1.37
11/05/2006 22:00:00;308.97;4.51
11/05/2006 17:00:00;301.94;4.9
11/05/2006 15:00:00;307.56;1.76
11/05/2006 12:00:00;314.59;2.35
11/05/2006 11:00:00;356.78;0.59
11/05/2006 07:00:00;321.63;1.18
11/05/2006 06:00:00;316;0.78
10/05/2006 21:00:00;130.38;3.33
10/05/2006 19:00:00;275.22;2.16
10/05/2006 17:00:00;69.91;3.33
10/05/2006 13:00:00;265.38;1.57
10/05/2006 09:00:00;98.03;1.76
10/05/2006 03:00:00;244.28;0.39
10/05/2006 02:00:00;92.41;1.57
10/05/2006 01:00:00;169.75;2.94
10/05/2006 00:00:00;171.16;3.33
09/05/2006 21:00:00;131.78;3.14
09/05/2006 20:00:00;145.84;3.14
09/05/2006 18:00:00;133.19;1.76
09/05/2006 13:00:00;161.31;2.16
09/05/2006 08:00:00;121.94;2.16
09/05/2006 04:00:00;13.66;1.37
09/05/2006 02:00:00;297.72;3.14
08/05/2006 22:00:00;74.13;1.57
08/05/2006 12:00:00;162.72;5.69
08/05/2006 10:00:00;150.06;6.67
08/05/2006 07:00:00;151.47;5.29
07/05/2006 21:00:00;159.91;3.33
07/05/2006 19:00:00;140.22;3.73
07/05/2006 15:00:00;152.88;5.49
07/05/2006 14:00:00;147.25;6.08
07/05/2006 11:00:00;116.31;3.73
07/05/2006 02:00:00;50.22;1.18
07/05/2006 00:00:00;43.19;1.18
06/05/2006 21:00:00;133.19;2.75
06/05/2006 20:00:00;119.13;1.76
06/05/2006 18:00:00;152.88;3.14
06/05/2006 16:00:00;158.5;4.71
06/05/2006 13:00:00;123.34;4.9
06/05/2006 10:00:00;102.25;4.12
06/05/2006 08:00:00;92.41;3.53
06/05/2006 04:00:00;54.44;1.57
05/05/2006 23:00:00;27.72;0.78
05/05/2006 22:00:00;344.13;1.96
05/05/2006 20:00:00;316;2.75
05/05/2006 15:00:00;269.59;1.37
05/05/2006 14:00:00;268.19;1.37
05/05/2006 12:00:00;47.41;1.18
05/05/2006 06:00:00;19.28;1.57
05/05/2006 01:00:00;323.03;3.14
04/05/2006 21:00:00;307.56;4.9
04/05/2006 19:00:00;331.47;3.53
04/05/2006 17:00:00;289.28;3.33
04/05/2006 15:00:00;290.69;2.16
04/05/2006 14:00:00;290.69;2.55
04/05/2006 09:00:00;20.69;2.55
04/05/2006 03:00:00;321.63;3.33
04/05/2006 00:00:00;352.56;2.16
03/05/2006 20:00:00;313.19;6.08
03/05/2006 18:00:00;307.56;5.1
03/05/2006 17:00:00;294.91;4.71
03/05/2006 13:00:00;299.13;2.75
03/05/2006 11:00:00;314.59;1.96
03/05/2006 08:00:00;310.38;3.14
03/05/2006 04:00:00;325.84;2.94
03/05/2006 02:00:00;351.16;2.35
02/05/2006 22:00:00;317.41;1.76
02/05/2006 20:00:00;317.41;3.92
02/05/2006 18:00:00;304.75;4.12
02/05/2006 15:00:00;294.91;3.53
02/05/2006 06:00:00;51.63;1.37
01/05/2006 23:00:00;12.25;1.76
01/05/2006 17:00:00;293.5;1.57
01/05/2006 15:00:00;292.09;2.75
01/05/2006 14:00:00;280.84;3.33
01/05/2006 07:00:00;303.34;0.59
01/05/2006 05:00:00;53.03;1.37
01/05/2006 03:00:00;62.88;0.78
01/05/2006 01:00:00;46;0.59
30/04/2006 21:00:00;303.34;3.92
30/04/2006 19:00:00;299.13;3.92
30/04/2006 16:00:00;293.5;1.96
30/04/2006 13:00:00;286.47;2.75
30/04/2006 09:00:00;300.53;1.37
30/04/2006 05:00:00;259.75;0.59
30/04/2006 02:00:00;242.88;0.78
30/04/2006 00:00:00;67.09;3.73
29/04/2006 20:00:00;75.53;0.59
29/04/2006 16:00:00;58.66;6.47
29/04/2006 13:00:00;158.5;4.9
29/04/2006 10:00:00;145.84;4.31
29/04/2006 06:00:00;48.81;0.59
29/04/2006 04:00:00;280.84;2.75
29/04/2006 02:00:00;102.25;2.75
28/04/2006 23:00:00;53.03;0.78
28/04/2006 22:00:00;138.81;2.16
28/04/2006 18:00:00;126.16;2.55
28/04/2006 14:00:00;148.66;4.12
28/04/2006 03:00:00;34.75;1.57
28/04/2006 01:00:00;26.31;0
27/04/2006 23:00:00;344.13;2.55
27/04/2006 19:00:00;283.66;2.94
27/04/2006 11:00:00;262.56;1.76
27/04/2006 08:00:00;31.94;0.39
27/04/2006 05:00:00;283.66;1.76
27/04/2006 00:00:00;54.44;0.59
26/04/2006 21:00:00;321.63;2.75
26/04/2006 19:00:00;292.09;3.14
26/04/2006 16:00:00;296.31;2.75
26/04/2006 13:00:00;31.94;0.2
26/04/2006 11:00:00;27.72;1.18
26/04/2006 10:00:00;23.5;1.57
26/04/2006 08:00:00;175.38;1.18
26/04/2006 04:00:00;151.47;4.51
26/04/2006 02:00:00;112.09;2.94
26/04/2006 00:00:00;79.75;0.39
25/04/2006 22:00:00;138.81;3.33
25/04/2006 20:00:00;130.38;3.92
25/04/2006 18:00:00;95.22;2.55
25/04/2006 12:00:00;157.09;3.92
25/04/2006 07:00:00;144.44;3.14
25/04/2006 06:00:00;124.75;4.51
25/04/2006 01:00:00;48.81;1.18
24/04/2006 23:00:00;72.72;1.37
24/04/2006 19:00:00;131.78;2.16
24/04/2006 07:00:00;47.41;1.96
24/04/2006 05:00:00;44.59;1.37
24/04/2006 03:00:00;50.22;1.37
23/04/2006 19:00:00;307.56;3.14
23/04/2006 17:00:00;275.22;2.35
23/04/2006 13:00:00;262.56;0.39
23/04/2006 11:00:00;261.16;1.37
23/04/2006 08:00:00;58.66;1.57
23/04/2006 00:00:00;46;1.96
22/04/2006 18:00:00;304.75;3.92
22/04/2006 16:00:00;283.66;3.53
22/04/2006 06:00:00;262.56;2.35
22/04/2006 04:00:00;306.16;0
22/04/2006 02:00:00;48.81;1.18
21/04/2006 22:00:00;330.06;1.57
21/04/2006 15:00:00;297.72;3.92
21/04/2006 14:00:00;278.03;0.78
21/04/2006 09:00:00;83.97;1.37
21/04/2006 07:00:00;53.03;1.18
20/04/2006 19:00:00;98.03;2.94
20/04/2006 17:00:00;105.06;3.33
20/04/2006 11:00:00;103.66;4.12
20/04/2006 09:00:00;130.38;5.88
20/04/2006 08:00:00;123.34;5.1
20/04/2006 05:00:00;136;5.29
20/04/2006 03:00:00;121.94;4.12
20/04/2006 00:00:00;105.06;3.53
19/04/2006 18:00:00;161.31;3.14
19/04/2006 16:00:00;79.75;4.12
19/04/2006 10:00:00;117.72;4.51
19/04/2006 08:00:00;117.72;4.12
19/04/2006 04:00:00;126.16;5.88
19/04/2006 02:00:00;128.97;6.67
18/04/2006 22:00:00;116.31;5.1
18/04/2006 20:00:00;133.19;4.51
18/04/2006 14:00:00;123.34;5.88
18/04/2006 07:00:00;171.16;4.12
18/04/2006 06:00:00;154.28;6.08
18/04/2006 01:00:00;166.94;2.55
17/04/2006 23:00:00;196.47;1.96
17/04/2006 22:00:00;193.66;3.14
17/04/2006 17:00:00;130.38;1.76
17/04/2006 11:00:00;192.25;0.98
17/04/2006 09:00:00;89.59;0.39
17/04/2006 05:00:00;17.88;0.39
17/04/2006 03:00:00;263.97;1.76
16/04/2006 21:00:00;169.75;1.18
16/04/2006 16:00:00;155.69;0.59
16/04/2006 08:00:00;92.41;1.96
16/04/2006 02:00:00;61.47;1.37
15/04/2006 20:00:00;283.66;2.35
15/04/2006 12:00:00;23.5;0.2
15/04/2006 06:00:00;41.78;1.57
14/04/2006 23:00:00;26.31;0.78
14/04/2006 22:00:00;318.81;1.57
14/04/2006 20:00:00;324.44;3.33
14/04/2006 15:00:00;286.47;1.18
14/04/2006 09:00:00;38.97;0.39
14/04/2006 07:00:00;43.19;0.2
14/04/2006 06:00:00;37.56;1.18
14/04/2006 01:00:00;46;0.98
13/04/2006 21:00:00;301.94;3.73
13/04/2006 11:00:00;30.53;0.59
13/04/2006 08:00:00;44.59;1.18
13/04/2006 05:00:00;51.63;1.96
13/04/2006 03:00:00;43.19;0.78
12/04/2006 18:00:00;307.56;3.14
12/04/2006 10:00:00;41.78;0.78
12/04/2006 08:00:00;22.09;1.96
12/04/2006 02:00:00;44.59;1.37
11/04/2006 22:00:00;314.59;4.51
11/04/2006 14:00:00;290.69;3.14
11/04/2006 12:00:00;31.94;1.57
11/04/2006 07:00:00;37.56;0
11/04/2006 06:00:00;43.19;1.18
11/04/2006 01:00:00;40.38;0.2
10/04/2006 22:00:00;282.25;3.14
10/04/2006 17:00:00;297.72;3.73
10/04/2006 15:00:00;299.13;2.55
10/04/2006 14:00:00;290.69;3.14
10/04/2006 11:00:00;195.06;1.96
10/04/2006 09:00:00;72.72;1.18
10/04/2006 03:00:00;355.38;1.96
09/04/2006 21:00:00;71.31;3.73
09/04/2006 16:00:00;88.19;2.75
09/04/2006 10:00:00;16.47;1.96
09/04/2006 08:00:00;37.56;1.18
09/04/2006 05:00:00;300.53;2.35
09/04/2006 02:00:00;314.59;2.35
08/04/2006 20:00:00;299.13;3.33
08/04/2006 16:00:00;263.97;1.37
08/04/2006 12:00:00;107.88;2.55
08/04/2006 06:00:00;110.69;0.59
08/04/2006 04:00:00;130.38;4.9
07/04/2006 20:00:00;76.94;3.92
07/04/2006 15:00:00;127.56;3.14
07/04/2006 14:00:00;171.16;4.71
07/04/2006 09:00:00;107.88;2.16
07/04/2006 07:00:00;155.69;1.76
07/04/2006 06:00:00;116.31;2.16
07/04/2006 01:00:00;161.31;2.16
06/04/2006 19:00:00;131.78;0.39
06/04/2006 17:00:00;185.22;1.96
06/04/2006 15:00:00;147.25;2.55
06/04/2006 13:00:00;162.72;0.59
06/04/2006 11:00:00;164.13;3.73
06/04/2006 00:00:00;137.41;1.57
05/04/2006 18:00:00;154.28;3.14
05/04/2006 16:00:00;103.66;3.92
05/04/2006 11:00:00;128.97;5.1
05/04/2006 06:00:00;150.06;3.92
05/04/2006 02:00:00;46;1.57
04/04/2006 15:00:00;154.28;5.69
04/04/2006 14:00:00;157.09;5.1
04/04/2006 12:00:00;130.38;4.9
04/04/2006 10:00:00;99.44;3.92
04/04/2006 07:00:00;131.78;5.1
03/04/2006 19:00:00;131.78;1.76
03/04/2006 15:00:00;143.03;3.33
03/04/2006 14:00:00;155.69;4.9
03/04/2006 11:00:00;120.53;6.08
03/04/2006 09:00:00;143.03;5.88
03/04/2006 07:00:00;159.91;5.1
03/04/2006 05:00:00;134.59;2.55
03/04/2006 03:00:00;121.94;1.37
02/04/2006 19:00:00;159.91;2.35
02/04/2006 17:00:00;154.28;2.94
02/04/2006 13:00:00;130.38;3.92
02/04/2006 11:00:00;123.34;4.31
02/04/2006 08:00:00;127.56;3.14
02/04/2006 04:00:00;136;4.12
02/04/2006 02:00:00;145.84;3.53
01/04/2006 20:00:00;151.47;4.9
01/04/2006 18:00:00;152.88;4.31
01/04/2006 16:00:00;159.91;5.49
01/04/2006 12:00:00;154.28;6.47
01/04/2006 10:00:00;138.81;4.9
01/04/2006 07:00:00;133.19;6.86
01/04/2006 06:00:00;141.63;8.82
31/03/2006 23:00:00;196.47;2.75
31/03/2006 20:00:00;141.63;3.73
31/03/2006 15:00:00;145.84;7.25
31/03/2006 14:00:00;148.66;6.08
31/03/2006 12:00:00;158.5;5.49
31/03/2006 09:00:00;133.19;6.47
31/03/2006 07:00:00;105.06;3.14
31/03/2006 03:00:00;88.19;1.76
31/03/2006 01:00:00;51.63;2.35
30/03/2006 21:00:00;95.22;3.92
30/03/2006 19:00:00;141.63;2.35
30/03/2006 15:00:00;116.31;0.59
30/03/2006 13:00:00;138.81;0.98
30/03/2006 11:00:00;34.75;0.59
30/03/2006 05:00:00;330.06;1.18
30/03/2006 02:00:00;114.91;3.53
30/03/2006 00:00:00;43.19;1.37
29/03/2006 21:00:00;154.28;0.59
29/03/2006 18:00:00;314.59;1.57
29/03/2006 16:00:00;47.41;3.53
29/03/2006 13:00:00;280.84;2.94
29/03/2006 08:00:00;48.81;0.39
29/03/2006 04:00:00;133.19;1.76
29/03/2006 02:00:00;109.28;3.14
28/03/2006 22:00:00;143.03;3.33
28/03/2006 20:00:00;143.03;3.33
28/03/2006 16:00:00;145.84;4.12
28/03/2006 14:00:00;144.44;4.9
28/03/2006 12:00:00;116.31;4.31
27/03/2006 23:00:00;168.34;1.76
27/03/2006 17:00:00;99.44;4.9
27/03/2006 15:00:00;113.5;5.69
27/03/2006 14:00:00;119.13;6.08
26/03/2006 21:00:00;272.41;2.35
26/03/2006 19:00:00;311.78;2.94
26/03/2006 17:00:00;311.78;1.96
26/03/2006 11:00:00;20.69;0.98
26/03/2006 08:00:00;34.75;1.76
26/03/2006 02:00:00;275.22;4.31
25/03/2006 21:00:00;126.16;2.16
25/03/2006 18:00:00;74.13;0.98
25/03/2006 16:00:00;296.31;2.94
25/03/2006 12:00:00;290.69;2.55
25/03/2006 10:00:00;33.34;0.78
25/03/2006 07:00:00;15.06;1.18
25/03/2006 06:00:00;286.47;1.37
25/03/2006 04:00:00;40.38;1.57
25/03/2006 02:00:00;271;0.78
25/03/2006 01:00:00;273.81;0.98
24/03/2006 23:00:00;185.22;0.39
24/03/2006 22:00:00;13.66;1.57
24/03/2006 20:00:00;43.19;1.37
24/03/2006 14:00:00;69.91;9.22
24/03/2006 12:00:00;162.72;1.37
24/03/2006 11:00:00;220.38;2.16
24/03/2006 09:00:00;252.72;0.98
24/03/2006 05:00:00;254.13;1.18
23/03/2006 23:00:00;114.91;2.35
23/03/2006 22:00:00;93.81;4.9
23/03/2006 17:00:00;98.03;3.14
23/03/2006 11:00:00;145.84;3.92
23/03/2006 08:00:00;95.22;1.96
23/03/2006 05:00:00;20.69;0.98
22/03/2006 21:00:00;143.03;4.12
22/03/2006 19:00:00;98.03;4.12
22/03/2006 13:00:00;136;4.9
22/03/2006 12:00:00;164.13;3.92
22/03/2006 06:00:00;107.88;2.55
21/03/2006 20:00:00;127.56;3.14
21/03/2006 18:00:00;137.41;2.55
21/03/2006 16:00:00;165.53;2.16
21/03/2006 12:00:00;85.38;1.18
21/03/2006 09:00:00;221.78;0.39
21/03/2006 01:00:00;27.72;0.59
20/03/2006 22:00:00;306.16;0.98
20/03/2006 20:00:00;12.25;3.33
20/03/2006 15:00:00;23.5;4.9
20/03/2006 14:00:00;69.91;2.16
20/03/2006 11:00:00;65.69;1.37
20/03/2006 08:00:00;181;3.92
20/03/2006 05:00:00;114.91;4.51
19/03/2006 23:00:00;128.97;4.31
19/03/2006 22:00:00;60.06;6.86
19/03/2006 19:00:00;144.44;3.73
19/03/2006 17:00:00;134.59;4.51
19/03/2006 08:00:00;109.28;1.96
18/03/2006 21:00:00;143.03;3.33
18/03/2006 18:00:00;99.44;5.1
18/03/2006 16:00:00;100.84;4.51
18/03/2006 14:00:00;154.28;6.08
18/03/2006 07:00:00;100.84;2.35
18/03/2006 04:00:00;24.91;2.75
18/03/2006 02:00:00;116.31;1.76
18/03/2006 00:00:00;76.94;2.16
17/03/2006 22:00:00;92.41;4.51
17/03/2006 20:00:00;95.22;3.53
17/03/2006 14:00:00;128.97;5.29
17/03/2006 05:00:00;145.84;5.29
17/03/2006 04:00:00;82.56;3.53
16/03/2006 23:00:00;130.38;3.33
16/03/2006 22:00:00;105.06;4.51
16/03/2006 17:00:00;124.75;4.9
16/03/2006 16:00:00;158.5;1.57
16/03/2006 15:00:00;107.88;2.55
16/03/2006 10:00:00;124.75;4.9
16/03/2006 08:00:00;155.69;5.69
16/03/2006 03:00:00;112.09;4.9
15/03/2006 21:00:00;127.56;5.88
15/03/2006 19:00:00;175.38;3.53
15/03/2006 12:00:00;106.47;3.14
15/03/2006 07:00:00;114.91;2.94
15/03/2006 00:00:00;130.38;3.92
14/03/2006 21:00:00;131.78;2.55
14/03/2006 18:00:00;147.25;4.51
14/03/2006 15:00:00;106.47;4.71
14/03/2006 11:00:00;134.59;3.73
14/03/2006 09:00:00;123.34;4.31
14/03/2006 04:00:00;155.69;4.12
14/03/2006 02:00:00;148.66;2.75
13/03/2006 22:00:00;164.13;3.14
13/03/2006 20:00:00;89.59;2.55
13/03/2006 17:00:00;95.22;4.9
13/03/2006 13:00:00;137.41;5.88
13/03/2006 11:00:00;98.03;3.53
13/03/2006 06:00:00;120.53;3.53
13/03/2006 01:00:00;130.38;2.94
12/03/2006 19:00:00;147.25;2.94
12/03/2006 12:00:00;128.97;6.47
12/03/2006 06:00:00;113.5;6.08
12/03/2006 03:00:00;103.66;2.55
11/03/2006 21:00:00;151.47;3.33
11/03/2006 15:00:00;144.44;2.94
11/03/2006 07:00:00;286.47;2.35
11/03/2006 05:00:00;261.16;1.57
11/03/2006 02:00:00;237.25;2.16
11/03/2006 00:00:00;349.75;2.35
10/03/2006 20:00:00;19.28;1.57
10/03/2006 17:00:00;210.53;0
10/03/2006 11:00:00;269.59;0.39
10/03/2006 06:00:00;12.25;0.98
10/03/2006 04:00:00;13.66;1.18
09/03/2006 22:00:00;2.41;3.73
09/03/2006 20:00:00;29.13;2.75
09/03/2006 16:00:00;237.25;1.37
09/03/2006 10:00:00;165.53;0.39
09/03/2006 03:00:00;334.28;1.37
09/03/2006 01:00:00;334.28;1.96
08/03/2006 18:00:00;259.75;2.55
08/03/2006 14:00:00;283.66;2.55
08/03/2006 12:00:00;268.19;3.33
08/03/2006 08:00:00;255.53;2.16
08/03/2006 05:00:00;40.38;0.59
08/03/2006 00:00:00;150.06;2.55
07/03/2006 21:00:00;269.59;0.39
07/03/2006 15:00:00;17.88;0
07/03/2006 14:00:00;159.91;2.16
07/03/2006 04:00:00;292.09;4.51
07/03/2006 02:00:00;164.13;3.14
07/03/2006 00:00:00;76.94;1.37
06/03/2006 22:00:00;127.56;3.92
06/03/2006 19:00:00;290.69;6.86
06/03/2006 13:00:00;287.88;1.57
06/03/2006 08:00:00;1;0.39
06/03/2006 07:00:00;301.94;3.33
06/03/2006 06:00:00;318.81;1.57
06/03/2006 04:00:00;17.88;0.59
06/03/2006 01:00:00;121.94;1.96
05/03/2006 23:00:00;303.34;0.98
05/03/2006 22:00:00;213.34;0.59
05/03/2006 18:00:00;227.41;1.57
05/03/2006 16:00:00;275.22;2.55
05/03/2006 12:00:00;51.63;0.98
05/03/2006 09:00:00;145.84;5.29
05/03/2006 07:00:00;292.09;0.78
05/03/2006 03:00:00;324.44;6.27
05/03/2006 01:00:00;33.34;0.39
04/03/2006 23:00:00;85.38;2.35
04/03/2006 15:00:00;157.09;2.75
04/03/2006 10:00:00;22.09;1.57
04/03/2006 08:00:00;60.06;1.18
04/03/2006 05:00:00;26.31;0.78
04/03/2006 02:00:00;316;0.78
04/03/2006 00:00:00;37.56;0.78
03/03/2006 20:00:00;136;2.75
03/03/2006 19:00:00;158.5;2.55
03/03/2006 13:00:00;150.06;3.14
03/03/2006 12:00:00;103.66;1.96
03/03/2006 06:00:00;29.13;0.78
03/03/2006 04:00:00;271;2.94
02/03/2006 18:00:00;137.41;2.16
02/03/2006 16:00:00;130.38;3.33
02/03/2006 09:00:00;40.38;0.2
02/03/2006 07:00:00;256.94;1.76
02/03/2006 06:00:00;276.63;2.16
02/03/2006 03:00:00;136;2.94
02/03/2006 01:00:00;127.56;2.55
01/03/2006 22:00:00;95.22;2.55
01/03/2006 19:00:00;272.41;1.57
01/03/2006 18:00:00;190.84;0.59
01/03/2006 15:00:00;134.59;3.53
01/03/2006 14:00:00;147.25;3.53
01/03/2006 12:00:00;131.78;1.96
01/03/2006 11:00:00;89.59;2.16
01/03/2006 09:00:00;119.13;1.96
01/03/2006 05:00:00;23.5;1.37
01/03/2006 03:00:00;307.56;1.76
28/02/2006 23:00:00;10.84;3.14
28/02/2006 17:00:00;120.53;1.37
28/02/2006 15:00:00;138.81;3.92
28/02/2006 14:00:00;140.22;4.71
28/02/2006 11:00:00;308.97;0.98
28/02/2006 02:00:00;273.81;2.35
27/02/2006 21:00:00;256.94;3.14
27/02/2006 20:00:00;22.09;0.2
27/02/2006 19:00:00;304.75;1.37
27/02/2006 16:00:00;268.19;0.59
27/02/2006 07:00:00;17.88;0.39
27/02/2006 06:00:00;159.91;0.39
26/02/2006 23:00:00;320.22;2.75
26/02/2006 20:00:00;316;2.75
26/02/2006 14:00:00;300.53;4.12
26/02/2006 09:00:00;310.38;1.18
26/02/2006 06:00:00;48.81;1.18
26/02/2006 03:00:00;296.31;0.2
25/02/2006 22:00:00;300.53;5.29
25/02/2006 17:00:00;328.66;4.31
25/02/2006 15:00:00;320.22;3.73
25/02/2006 13:00:00;275.22;2.55
25/02/2006 08:00:00;304.75;2.75
25/02/2006 05:00:00;311.78;0.78
25/02/2006 02:00:00;299.13;2.16
25/02/2006 01:00:00;352.56;1.96
24/02/2006 23:00:00;339.91;2.75
24/02/2006 19:00:00;289.28;4.12
24/02/2006 13:00:00;242.88;1.37
24/02/2006 12:00:00;292.09;2.16
24/02/2006 10:00:00;306.16;2.16
24/02/2006 08:00:00;294.91;2.94
24/02/2006 00:00:00;107.88;1.18
23/02/2006 22:00:00;210.53;3.92
23/02/2006 18:00:00;292.09;3.92
23/02/2006 07:00:00;297.72;3.14
23/02/2006 06:00:00;292.09;2.35
23/02/2006 01:00:00;228.81;0.59
22/02/2006 22:00:00;304.75;2.55
22/02/2006 20:00:00;304.75;4.12
22/02/2006 15:00:00;263.97;2.16
22/02/2006 11:00:00;313.19;2.16
22/02/2006 09:00:00;287.88;1.37
22/02/2006 05:00:00;306.16;2.55
22/02/2006 03:00:00;304.75;2.35
21/02/2006 22:00:00;240.06;0.39
21/02/2006 17:00:00;58.66;3.92
21/02/2006 16:00:00;57.25;3.14
21/02/2006 08:00:00;29.13;1.18
21/02/2006 04:00:00;1;1.57
21/02/2006 03:00:00;287.88;1.76
21/02/2006 02:00:00;292.09;0.2
21/02/2006 00:00:00;3.81;1.37
20/02/2006 18:00:00;131.78;2.75
20/02/2006 16:00:00;48.81;4.31
20/02/2006 10:00:00;92.41;2.94
20/02/2006 07:00:00;103.66;2.35
20/02/2006 06:00:00;29.13;0.98
20/02/2006 04:00:00;37.56;1.18
19/02/2006 22:00:00;147.25;2.35
19/02/2006 20:00:00;138.81;1.18
19/02/2006 15:00:00;113.5;3.73
19/02/2006 11:00:00;102.25;3.53
19/02/2006 09:00:00;147.25;0.59
19/02/2006 05:00:00;34.75;0.98
19/02/2006 03:00:00;36.16;1.18
18/02/2006 23:00:00;286.47;2.35
18/02/2006 22:00:00;91;1.96
18/02/2006 19:00:00;112.09;0.59
18/02/2006 11:00:00;349.75;0.59
18/02/2006 03:00:00;34.75;0.2
18/02/2006 01:00:00;324.44;3.73
17/02/2006 21:00:00;92.41;3.53
17/02/2006 16:00:00;54.44;3.73
17/02/2006 06:00:00;38.97;0.2
17/02/2006 02:00:00;41.78;0.2
16/02/2006 20:00:00;13.66;4.51
16/02/2006 18:00:00;294.91;2.94
16/02/2006 14:00:00;130.38;4.71
16/02/2006 09:00:00;123.34;4.51
16/02/2006 06:00:00;168.34;1.96
16/02/2006 04:00:00;144.44;1.76
15/02/2006 23:00:00;345.53;0.78
15/02/2006 19:00:00;20.69;0.2
15/02/2006 17:00:00;67.09;2.16
15/02/2006 13:00:00;136;3.73
15/02/2006 11:00:00;131.78;3.33
15/02/2006 05:00:00;134.59;1.96
15/02/2006 03:00:00;141.63;0
15/02/2006 01:00:00;271;2.55
14/02/2006 19:00:00;71.31;2.16
14/02/2006 18:00:00;46;1.96
14/02/2006 16:00:00;136;3.14
14/02/2006 10:00:00;5.22;0.59
14/02/2006 08:00:00;100.84;0.59
14/02/2006 05:00:00;75.53;1.37
